Gene,CB_Exc,HB_Exc,Tel_Exc,MB_Inh,Purkinje
LHX1,0.04711349,0.06368748,0.0044045607,0.19204733,1.0
ESRRB,0.012929722,0.0038231108,0.0042998614,0.026042735,1.0
EBF3,0.42555684,0.15516533,0.024000162,0.09360688,1.0
BHLHE22,0.11961028,0.16651662,1.0,0.018616632,0.30737785
TSHZ2,0.30645907,0.99942,0.16870354,1.0,0.17069834
PAX2,0.015618339,0.098253146,0.017270757,0.06657987,1.0
ZNF804B,0.9179839,1.0,0.16586393,0.6443419,0.31098688
TSHZ3,0.05804727,1.0,0.55418485,0.34625542,0.18498145
PAX8,0.098379195,1.0,0.37384853,0.14327988,0.6035967
GBX1,0.044982128,1.0,0.10791386,0.11151006,0.24657536
SIX3,0.0111146895,0.01622975,0.035892833,1.0,0.006074102
PAX5,0.073833205,0.19454865,0.46894825,1.0,0.17062306
NHLH2,0.48034987,0.80084753,0.11038169,0.04763681,1.0
LHX5,0.0056332937,0.035020802,0.020271733,1.0,0.6741397
EBF2,0.343787,0.17682117,0.2748014,0.052937616,1.0
SOX14,0.0001511676,0.0016743063,0.0011750085,1.0,0.0012350504
DMBX1,0.00034856697,0.0005977808,4.013883e-05,1.0,0.02560115
OTX2,0.030556869,0.001173065,0.002384495,1.0,0.0011079223
GATA3,0.00013013917,0.0069745113,0.0017702245,1.0,0.0007360937
TAL2,0.007818596,0.0058197198,0.01125427,1.0,0.0036852981
TOX3,0.15305288,0.53743553,0.15085198,1.0,0.2152514
EMX2,0.0010773246,0.0053406497,0.3842699,1.0,0.011235016
ST18,1.0,0.751594,0.16545807,0.85871184,0.19733962
TFAP2B,0.007430506,0.02455696,0.015107594,0.7043297,1.0
PAX7,0.0067080534,0.019511838,0.005452646,1.0,0.0047117663
ISL1,0.040629286,0.87926847,0.10777533,1.0,0.04103706
ONECUT2,0.56400394,1.0,0.18061875,0.4184087,0.46299353
POU2F2,0.14697434,0.49514812,0.30708003,1.0,0.7908473
POU6F2,0.14207473,0.34737462,0.14758335,1.0,0.11048008
ONECUT1,0.00970264,1.0,0.010334991,0.0705546,0.016972182
SIM1,0.07382315,0.73852473,0.60114354,1.0,0.81191987
PITX2,0.0672318,0.5957182,0.371616,1.0,0.7140752
POU3F1,0.06217728,0.38290575,0.3749212,0.28164962,1.0
NR5A2,0.09081342,0.47047067,1.0,0.1688439,0.16408561
POU4F1,0.017423876,0.7514808,0.06126766,0.12572405,1.0
LHX2,0.018913178,0.07868351,1.0,0.048872177,0.015965935
ZBTB7C,1.0,0.5471227,0.6895112,0.55895394,0.3373516
TCF7L2,0.50312895,0.20364584,0.2916058,1.0,0.07295458
LHX9,0.08709651,0.20257375,1.0,0.3630269,0.05527393
ZFHX3,0.0076911193,0.111695506,0.032227274,1.0,0.034547277
LMX1B,0.02591563,1.0,0.0671464,0.47862136,0.6254254
LHX6,0.10952836,0.21243528,1.0,0.4945529,0.073751755
ARX,0.011337784,0.19545195,1.0,0.9758124,0.043197885
DLX2,0.041139003,0.12085301,0.7263883,1.0,0.045963574
DLX5,0.02661773,0.08083592,1.0,0.71346253,0.0271836
DLX1,0.0031576576,0.40840223,0.4336126,1.0,0.012899146
DLX6,0.036057275,0.109503075,0.50604135,1.0,0.022660812
RARB,0.53589046,1.0,0.14756143,0.27680987,0.32467076
BCL11B,0.015362388,0.069465816,1.0,0.15677056,0.08534138
SHOX2,0.0082590785,0.14008738,0.19484311,1.0,0.040158536
PRDM13,0.07577015,0.056497086,0.11096209,0.034708295,1.0
FOXN2,0.4012811,0.47892618,1.0,0.22607683,0.33180794
LMX1A,1.0,0.25758848,0.1914106,0.26312333,0.30206695
ZNF385B,0.8241472,0.1984211,0.043254394,0.17126426,1.0
PCBP3,1.0,0.16279057,0.019682925,0.027335437,0.012171785
HIVEP3,1.0,0.106595576,0.24285163,0.22614144,0.29460892
HOXA3,0.0037032124,1.0,0.002558635,0.0036720845,0.01408045
NFIX,0.06926173,1.0,0.6161533,0.0114771975,0.023256231
HES6,0.34133908,1.0,0.46119624,0.046520688,0.048949387
TSHZ1,0.107931636,1.0,0.06936829,0.142515,0.04523605
CASZ1,0.31805545,1.0,0.04429107,0.08984719,0.039667573
DACH2,0.10311386,1.0,0.04352078,0.028616345,0.03407879
BARHL1,0.25929558,1.0,0.004301505,0.011086931,0.005940872
NHLH1,0.14247733,1.0,0.18146929,0.015786938,0.1498251
HOXB3,0.002032311,1.0,0.0017324182,0.0017829533,0.008385002
ZMAT4,1.0,0.5573562,0.065927036,0.45099705,0.042780984
MYT1L,0.27643165,0.944235,0.9522043,0.8491284,1.0
DPF3,0.658786,1.0,0.053555336,0.07872189,0.35237515
SATB2,0.058218073,0.036065478,1.0,0.002604317,0.0051926407
NEUROD6,0.021576278,0.04135304,1.0,0.0032479365,0.024334386
NEUROD2,0.08184366,0.3590136,1.0,0.0044264114,0.111076854
EOMES,0.026579803,0.002554247,1.0,0.0010792485,0.023299944
ESR2,0.30384645,0.20278284,1.0,0.25545198,0.13687856
NEUROG1,0.012188119,0.024192384,1.0,0.018464217,0.031915966
EMX1,0.001844723,0.0021969713,1.0,0.0034297819,0.012173152
INSM1,1.0,0.80355155,0.7069116,0.38508612,0.1889379
CREB3L2,0.66033024,1.0,0.33036032,0.33856842,0.7172848
SOX10,0.24696071,1.0,0.6398657,0.7312534,0.56909114
NKX2-2,0.014602381,0.2660776,0.056751315,1.0,0.043591302
SOX8,0.028287472,1.0,0.0868643,0.026783565,0.015308615
OLIG1,0.19134489,1.0,0.18469761,0.18369098,0.08134828
OLIG2,0.5975154,1.0,0.3802448,0.16566414,0.14329006
ETV1,0.72073716,0.24331765,0.21364096,0.059451014,1.0
SOX13,0.4530922,0.446004,0.20364344,1.0,0.4678094
WT1,0.39984116,1.0,0.17266218,0.061950035,0.34551966
MSX1,0.15861467,1.0,0.097033285,0.10239675,0.09397303
PRDM6,0.0049385033,1.0,0.0026081898,0.0013431498,0.0015630078
PAX3,1.0,0.35796922,0.020248044,0.44403294,0.17656647
NR3C2,1.0,0.1263165,0.110064834,0.025159286,0.091557264
GLIS3,0.45765832,1.0,0.48964846,0.21589908,0.3737492
RORB,0.8448737,0.12640963,0.26338124,0.8982271,1.0
NR2E1,0.008059429,0.013437718,1.0,0.10988566,0.034611423
FOXG1,0.00071539776,0.004651933,1.0,0.017291244,0.013690441
GLI3,0.54683006,0.03214687,1.0,0.14850347,0.06891336
PRDM16,0.0103659015,0.025678145,1.0,0.024840359,0.04028212
PLAGL1,1.0,0.24093693,0.9386523,0.4280203,0.31124896
GLI2,1.0,0.07352817,0.49441057,0.035777632,0.026894545
ASCL1,0.062048063,0.14980753,0.7726964,1.0,0.1741981
PRRX1,0.29155084,1.0,0.6798573,0.32523766,0.23819914
BNC2,1.0,0.57775146,0.58613855,0.54807913,0.2332179
THRB,0.6779567,0.08201429,1.0,0.47978583,0.40556538
TBX18,0.74345464,1.0,0.3399287,0.24392827,0.24736065
FOXF2,0.30935493,0.80211604,1.0,0.19172163,0.30551618
ETS1,0.18749619,0.6393387,1.0,0.16308787,0.15297903
SMAD6,0.97961086,1.0,0.8739363,0.16678856,0.31797475
ID1,0.7735283,1.0,0.47931495,0.23821062,0.17078051
LEF1,0.03808705,0.021068407,0.03999943,1.0,0.0068239905
SOX17,0.20262748,0.8687485,1.0,0.08969833,0.11824866
SOX18,0.2984204,0.6013428,1.0,0.20343949,0.1312832
KLF2,0.26833206,0.6487706,1.0,0.13440512,0.13976152
MECOM,0.2177078,1.0,0.06556371,0.15945521,0.0334026
KLF4,1.0,0.8704221,0.90630347,0.15302382,0.17716049
NPAS2,0.2894678,0.70009035,1.0,0.34499356,0.4792919
FLI1,0.28346223,0.624826,1.0,0.09230367,0.19324388
EPAS1,0.34821066,0.9649388,1.0,0.14386821,0.21350141
FOXQ1,0.4005215,0.6192337,1.0,0.12185432,0.1441638
SMARCA2,0.03976062,1.0,0.10772765,0.09303425,0.08348113
ERG,0.3039412,0.85840625,1.0,0.11660783,0.20466113
NFKBIZ,0.74701375,0.9007761,1.0,0.263308,0.49294722
PLEK,0.09067666,0.119621135,1.0,0.012968433,0.061370943
MAF,0.7332298,1.0,0.6502798,0.4959493,0.22545046
BHLHE41,0.8802954,1.0,0.5750764,0.18185332,0.68445307
IFI16,0.2039773,0.48442423,1.0,0.44802687,0.12442264
MITF,1.0,0.3254143,0.5250854,0.0727402,0.35111544
MAFB,0.3658988,1.0,0.5807195,0.4873964,0.29341707
NR4A2,0.5378238,0.75514024,1.0,0.24727081,0.2871768
RUNX1,0.34600112,0.9675715,0.8936024,1.0,0.31781203
ZBTB16,0.064,1.0,0.5225892,0.4965396,0.4952456
STAT4,0.26239574,1.0,0.44174305,0.85315967,0.41226774
RUNX3,0.22054689,0.33489168,1.0,0.034170788,0.10395485
MXD1,0.82628495,0.9563211,0.79855686,1.0,0.71022975
IKZF1,0.22466157,0.3272471,1.0,0.22491519,0.04615906
ZFP57,,,,,
SHOX,,,,,
SHOX,,,,,
TFDP3,,,,,
SOX1,,,,,
ZBED1,,,,,
ZBED1,,,,,
ZBTB8B,,,,,
POU5F2,,,,,
HOXC9,,,,,
NR2F1,0.26932687,0.24576621,0.24748781,0.3239409,1.0
TGIF2LX,,,,,
DPF1,0.14399756,0.40579715,0.48268798,0.6849322,1.0
FOXP2,0.104932204,0.052276228,0.067949116,0.26806405,1.0
FOXP4,0.048814133,0.052321635,1.0,0.5524086,0.9461119
FAM170A,,,,,
ARNTL2,0.10206664,0.22460678,0.10525403,0.08843174,1.0
HOXC12,0.0,1.0,0.0,0.86730045,0.87950456
HOXC8,0.0,0.0,0.0,0.0,1.0
ZNF385D,0.06204596,0.043747995,0.007960338,0.18358438,1.0
NPAS3,0.090762086,0.07554155,0.08666296,0.36115673,1.0
BCL11A,0.13476737,0.2787527,0.6632316,0.46282408,1.0
ZNF618,0.4612428,0.5715142,0.18038905,0.8616892,1.0
RORA,0.18476175,0.076326095,0.061805572,0.2145867,1.0
HOXD11,1.0,0.0,0.8636539,0.0,0.62846714
KDM5B,0.323314,0.71557856,0.76779103,0.8708823,1.0
TFAP2A,0.019967664,0.02898245,0.017245151,0.06690174,1.0
SOX4,0.3080194,0.81765836,0.5887029,0.64465207,1.0
SMARCA4,0.3817972,0.8184619,0.7122835,0.7094605,1.0
HLTF,0.40558028,0.33880854,0.44447556,0.9941817,1.0
UBTF,0.5891745,0.8449389,1.0,0.65993315,0.6907299
HOXC4,0.011195553,1.0,0.013536714,0.040242743,0.05065946
ZNF34,0.51922494,0.8348002,0.84984833,0.7914942,1.0
ZNF157,0.27045435,0.5733334,0.83309835,0.67045254,1.0
SCAPER,0.58746237,0.8293514,1.0,0.8340635,0.8330587
HOXA5,0.0,1.0,0.0,0.03335771,0.033827096
ESRRG,1.0,0.30729595,0.0660768,0.20287848,0.6567386
HOXA7,0.0,0.909603,0.0,0.39444956,1.0
HOXB6,0.0,1.0,0.19083714,0.13694218,0.092579424
HOXB8,0.0,1.0,0.6043176,0.43365023,0.43975228
ETV3L,0.45462087,0.32485822,0.58895266,0.56349933,1.0
PKNOX2,0.05196576,0.22542445,0.09996096,1.0,0.36196804
HOXB7,0.11662033,1.0,0.2014392,0.14455007,0.29316816
CAMTA1,0.4527574,0.8264124,0.5753319,0.8149787,1.0
NPAS4,0.24065559,0.28552705,1.0,0.29547682,0.13982949
GLIS1,0.13042402,0.40385377,0.39048955,0.17243695,1.0
RUNX1T1,0.9221008,0.38802862,0.3708023,1.0,0.9564718
ZNF607,0.45308003,0.7554334,1.0,0.21839592,0.60113025
HOXD4,0.033320095,1.0,0.0,0.0,0.10470293
NFKBIL1,0.699722,1.0,0.9064765,0.43365023,0.6596284
HOXA6,0.0,1.0,0.6043176,0.0,0.21987614
ZNF551,0.0,0.66190356,1.0,0.86110395,0.5821472
SEBOX,0.0,0.0,1.0,0.0,0.0
GBX2,0.12239793,0.524771,0.18499152,0.16119333,1.0
LHX8,0.29636875,0.4470828,0.34128,1.0,0.08278133
ZNF675,0.37321478,0.54415834,1.0,0.841029,0.6413861
TLX1,0.93296266,1.0,0.0,0.86730045,0.8795045
ZIM2,0.3910168,0.4350287,0.43602186,1.0,0.9316391
ZNF285,0.25874507,0.49561152,0.71074665,1.0,0.77353996
ZNF85,0.5789357,0.768281,1.0,0.9738676,0.8576276
SPZ1,0.0,1.0,0.0,0.0,0.43975228
LHX4,0.7313966,1.0,0.9549711,0.68884355,0.83245283
ZNF324B,0.9957582,1.0,0.6972896,0.7005119,0.78648
ZNF382,0.53209615,0.7738274,1.0,0.8406678,0.8995964
ZNF540,0.3000242,0.44904184,0.56464314,1.0,0.9268293
NCOA6,0.4114515,0.7416052,1.0,0.8830485,0.8890207
CREB3L3,0.22731043,0.64971644,0.19631755,0.0,1.0
ZSCAN10,0.0,0.28425094,0.34355572,0.24653098,1.0
ZNF490,0.766535,0.7726052,1.0,0.9659499,0.884884
TFDP1,0.7263316,0.7721141,1.0,0.44875214,0.6350505
ZNF821,0.42731237,0.7565704,0.70328933,1.0,0.7976236
VSX2,0.04288412,0.45965526,1.0,0.13288642,0.35036638
EVX1,1.0,0.7145695,0.43182695,0.0,0.0
ZNF664,0.43006644,0.7091824,1.0,0.45105442,0.5509607
FOXB2,0.0,0.0,0.0,0.0,1.0
FOXE1,0.0,0.0,0.68711144,0.49306196,1.0
NKX2-8,0.0,0.7686686,0.0,1.0,0.0
ATF2,0.70222,0.60602504,1.0,0.9082166,0.7796875
PURG,0.7529387,0.90979266,0.6892309,0.8551614,1.0
LHX3,0.0,1.0,0.4834541,0.0,0.26385134
HIC2,0.37933648,1.0,0.851505,0.9075416,0.737216
PHOX2B,0.008638543,1.0,0.08952854,0.29445386,0.40446353
HOXA13,0.0,1.0,0.0,0.0,0.21987614
HOXB5,0.0,1.0,0.0,0.0,0.1256435
PEG3,0.13428596,0.45084396,0.25956666,1.0,0.7240496
LRRFIP1,0.19346656,0.8584198,0.58559346,1.0,0.47027385
PHOX2A,0.11662033,1.0,0.1007196,0.036137518,0.10993806
GATA5,0.0,0.22740075,0.27484456,0.0,1.0
ZNF654,0.41067052,0.4998369,0.5878583,0.73942417,1.0
SCRT1,0.2462944,0.6830971,0.43984747,0.75198954,1.0
UNCX,0.43569145,0.7551901,0.052120786,1.0,0.8501815
KLF12,0.9367472,1.0,0.6306441,0.878078,0.8724195
NCOA1,0.8250887,0.76679206,0.69885045,0.7088001,1.0
SKOR1,0.026519552,0.06948357,0.0400815,0.042458117,1.0
KIAA1549,0.27553728,0.70507693,0.7283289,1.0,0.83710074
ZNF208,0.042837955,0.21937665,0.5981209,1.0,0.19294278
CTCF,0.46788195,0.58150727,1.0,0.598741,0.52364266
TBP,0.6582953,0.81808305,1.0,0.8046645,0.95988876
ZNF565,0.43075252,0.44634172,0.5401395,1.0,0.5680813
NKX1-2,0.0,0.048041787,0.0,1.0,0.04225297
ZNF84,0.28615704,0.34804648,0.57729965,1.0,0.6921952
TRERF1,0.18353136,0.085791446,0.10462384,1.0,0.12513708
ZFP90,0.26951104,0.43122876,0.5097013,1.0,0.42990518
TCF20,0.23041303,0.6283434,0.51344734,1.0,0.76583076
SMARCAD1,0.48835194,0.52748597,0.7106966,1.0,0.5771562
ZNF91,0.29244104,0.4928918,0.8163756,1.0,0.6036047
MBD5,0.65256757,0.7681291,0.76313215,1.0,0.69478774
PBX3,0.513786,0.8110505,0.12626068,1.0,0.7008716
MTF2,0.3248511,0.43017742,0.7232215,1.0,0.6758542
RERE,0.52450395,0.5691381,0.6086632,1.0,0.46742257
ZNF609,0.38022226,0.48929656,0.9823988,1.0,0.7098866
TET1,0.5877767,0.96032006,0.47559223,1.0,0.35813978
ZNF254,0.34333846,0.48272213,0.83960414,1.0,0.43929708
GATA2,0.0014810123,0.032806877,0.015988527,1.0,0.0039557624
POU2F1,0.60919553,0.6315539,0.94709074,1.0,0.67103696
CRX,0.0,0.020589339,0.09954,1.0,0.15392154
ZNF117,0.2704612,0.52186155,0.53320944,1.0,0.36442494
ZFPM2,0.117139146,0.29243562,0.11463856,1.0,0.08140011
ONECUT3,0.13018084,1.0,0.28107798,0.44373512,0.16362876
BSX,0.0,0.0,0.0,1.0,0.5070357
SIX6,0.0,0.14412537,0.0,1.0,0.25351784
CBFB,0.7470671,0.7330811,1.0,0.36478174,0.39628762
ISL2,0.05434734,1.0,0.09387458,0.05894275,0.029886078
DRGX,0.36562046,1.0,0.06533163,0.56257325,0.23770392
ZNF71,0.48647332,0.926984,0.9628314,0.65322864,1.0
NKX2-4,0.0,0.0,0.836136,1.0,0.101407126
TCF23,1.0,0.0,0.0,0.61974645,0.9427007
MEIS3,0.35110015,1.0,0.85831654,0.848869,0.5181497
ZNF836,0.5789356,0.71706223,1.0,0.59798884,0.9823734
PITX3,0.0,0.38433433,0.0,1.0,0.45069835
TOX2,0.09307816,0.24193867,0.12354829,1.0,0.053196542
FOXA2,0.08067815,0.72062683,0.17419499,1.0,0.050703563
SOX3,0.05852057,0.13441183,1.0,0.4870263,0.13791846
ZNF711,0.3166799,0.62936604,1.0,0.6899026,0.5894756
RC3H1,0.70824623,0.7240296,0.7897504,1.0,0.6180888
UBP1,0.62960887,0.84764177,1.0,0.6127962,0.80985785
SIM2,0.22003132,0.94336605,0.8551391,1.0,0.92188305
ZNF682,0.38732848,0.51406723,1.0,0.49611822,0.4238667
L3MBTL3,0.52406913,0.94296926,1.0,0.8623937,0.68918926
PRDM2,0.87615013,1.0,0.78817755,0.9009131,0.8569968
BARHL2,0.6084539,1.0,0.23492655,0.110907994,0.051735565
PHTF1,1.0,0.9172002,0.88343745,0.77492785,0.4753217
ZFP64,0.62434983,0.76138544,1.0,0.7436033,0.93442875
POU3F4,0.2338878,0.5178185,0.61847734,1.0,0.4907263
PITX1,0.0,0.6205346,1.0,0.3587933,0.81864446
ZFHX4,0.0066213133,0.055147145,0.3104898,1.0,0.31320524
PBX1,0.147582,0.32323572,0.5770711,1.0,0.25388047
POU4F3,0.20169538,0.79268956,0.4354875,1.0,0.15844865
ZNF133,0.55036956,1.0,0.9709708,0.80462164,0.78490233
FEV,0.0,1.0,0.34532437,0.5782003,0.1256435
ZNF350,0.43164805,0.6803879,0.84792477,0.71861154,1.0
ZNF891,0.51793385,0.6619091,0.943377,1.0,0.7939386
MYOD1,0.0,0.0,0.0,1.0,0.0
ZNF688,0.61280125,0.89152956,0.84908164,1.0,0.73007596
HMX3,0.0,1.0,0.043165546,0.6504753,0.502574
ZNF195,0.57686055,0.90151745,1.0,0.68329334,0.4147016
HMX2,0.06664019,1.0,0.17266218,0.41300023,0.1256435
ZNF683,0.40339077,0.0,0.0,1.0,0.5070357
SP9,0.0,0.14337862,0.8231391,1.0,0.16813618
NCOA2,0.6305676,0.58965516,1.0,0.79577005,0.9240268
TET2,0.09735879,0.3303545,0.3344892,1.0,0.40868986
JAZF1,0.07561357,0.38423023,0.8473472,1.0,0.25154355
ARID1B,0.99190307,1.0,0.9313667,0.9164117,0.9671089
GABPB1,0.46902242,0.6105183,1.0,0.4980636,0.36328268
ZNF713,0.49612346,0.7550842,1.0,0.75892335,0.72038364
ZNF486,0.34411502,0.47013712,1.0,0.4171391,0.2808724
NRF1,0.4835467,0.573602,1.0,0.7077102,0.46013206
CNOT4,0.6305057,0.6290891,1.0,0.8529426,0.59977984
ARID1A,0.3882596,0.5201389,1.0,0.61831665,0.44636583
ZNF491,0.39231402,0.49837443,1.0,0.7429132,0.5872838
SP4,0.3683267,0.5978807,1.0,0.65992695,0.7400991
ELF2,0.5169503,0.76226336,1.0,0.88783914,0.72671556
ZNF610,0.49050176,0.64545184,0.92826843,1.0,0.6013679
FOXJ3,0.7978783,0.69467145,0.8942474,1.0,0.75424385
ZNF680,0.4582545,0.47767058,1.0,0.5032068,0.33605582
SP8,0.016025899,0.09447586,1.0,0.1887079,0.026438344
SP3,0.46188444,0.62758,1.0,0.75299597,0.5463191
ZNF300,0.48518085,0.62472177,1.0,0.9478244,0.9501137
DNMT3L,0.55977756,1.0,0.24172705,0.52038026,0.43975228
ZNF337,0.482578,0.6733041,1.0,0.40235758,0.560406
ZSCAN2,0.45631924,0.60778016,1.0,0.7406725,0.8184007
HNF1B,1.0,0.0,0.0,0.61974645,0.31423357
ZNF620,0.56792927,0.7109801,1.0,0.75032824,0.61147594
HDX,0.47614715,0.9172352,1.0,0.61294764,0.62401456
YEATS2,0.42674264,0.4863544,1.0,0.680435,0.69594467
MEIS2,0.04860607,0.31203818,0.80469024,1.0,0.050380293
ZFHX2,0.25662434,0.7120237,1.0,0.85489404,0.80867386
EBF1,0.60970443,1.0,0.03852332,0.15380199,0.8671262
ZNF345,0.31852856,0.36311638,0.6119774,1.0,0.6539933
POU6F1,0.28326726,0.574595,1.0,0.79606,0.49674484
BACH2,0.62116265,1.0,0.7160122,0.80550617,0.86818314
NKX6-3,0.0,0.068909325,0.16657248,0.4183556,1.0
UNKL,0.49176574,0.82599384,0.98367995,0.75667053,1.0
ZNF860,0.0,0.12107992,1.0,0.21002534,0.45258394
THAP1,0.5279183,0.78933907,1.0,0.5361279,0.7360481
ZNF250,0.61313075,0.7985173,0.934369,0.6288149,1.0
ZNF202,0.70993686,1.0,0.8248715,0.66788465,0.78962815
ZNF548,0.33082035,0.47278827,1.0,0.4100495,0.5371001
CIC,0.66393805,0.8651368,1.0,0.49547645,0.7349031
KLF8,0.6616407,0.94798875,1.0,0.38076022,0.80830204
NR1I3,0.26892716,0.44839,0.77419996,1.0,0.7042162
ZNF232,0.6456193,0.5869629,1.0,0.7420071,0.4781379
PRDM10,0.654249,0.76329243,1.0,0.61283463,0.90906304
ZNF213,0.7289646,0.68611956,1.0,0.8390075,0.75985295
HSF2,0.6436291,0.7676543,1.0,0.71612334,0.63434935
ZNF614,0.7268767,0.6851711,0.9572377,1.0,0.6528287
ZNF578,0.41130036,0.6086742,0.94165134,1.0,0.62174964
IRX6,1.0,0.56144744,0.6785852,0.57547885,0.22445254
ZNF833P,0.20169538,0.0,0.174195,1.0,0.06337946
ZNF500,0.515779,0.72207665,1.0,0.5088341,0.7144534
ZC3H8,0.42479998,0.576062,1.0,0.64897925,0.9776797
ZNF248,0.330031,0.42640492,0.9213419,1.0,0.4999597
HINFP,0.6985638,0.9107707,0.95613456,0.74687177,1.0
HNF1A,0.0,0.41368973,1.0,0.17939664,0.545763
ZNF554,0.6432618,0.9422932,1.0,0.9069497,0.6468302
ZNF765,0.5619817,0.8625546,0.8299904,0.9850935,1.0
ZNF763,0.3723607,0.79823285,0.61255383,1.0,0.64075935
ZNF501,0.47785157,0.7617144,1.0,0.5865986,0.53998774
ZNF605,0.5434734,1.0,0.89180857,0.6399499,0.73434365
ZNF709,0.0,0.5515863,1.0,0.0,0.36384198
ZNF45,0.6594128,0.59613466,0.979375,1.0,0.69069874
ZC3H13,0.37940577,0.7107552,0.7694423,0.9440057,1.0
ZNF302,0.39206812,0.5284396,0.5563731,1.0,0.4576491
ZNF623,0.5513673,0.66978335,1.0,0.20502475,0.3465162
ZNF23,0.5997617,1.0,0.7824904,0.63004506,0.8661382
ATF6B,0.6553988,0.85860133,1.0,0.5686535,0.7620087
HSF5,0.461018,0.8894594,0.67687196,1.0,0.7967703
ZNF415,0.43728116,0.7305585,1.0,0.8664477,0.8573511
ZNF653,0.4631485,0.33095178,1.0,0.78934526,0.94598925
DNMT3B,0.2591123,0.38066575,0.43113506,1.0,0.66874045
ZNF674,0.25431278,0.58151734,1.0,0.67123085,0.49452424
ZNF530,0.25110462,0.5382951,1.0,0.3112424,0.4295966
ZNF697,0.52898866,0.86158466,0.84736615,1.0,0.8914913
ZIK1,0.54604155,0.7850703,1.0,0.66050583,0.50648457
IRX1,0.23730561,1.0,0.077425525,0.3709415,0.11786106
HES7,0.21547136,0.26056337,0.34355572,0.18489824,1.0
ZNF2,0.62510836,0.7816959,1.0,0.6911724,0.75893426
IRX2,0.108381115,1.0,0.026010556,0.24485305,0.08897153
MBD1,0.49947387,0.7678947,1.0,0.5768833,0.87036717
TFDP2,0.9865165,0.46641234,1.0,0.32512558,0.6067245
PTF1A,0.15523641,0.14420536,0.13407053,0.20203514,1.0
VSX1,0.10526102,0.2632571,1.0,0.032617573,0.033076543
ARID5B,0.42103052,0.43158358,0.35176536,1.0,0.93202156
BACH1,0.52749455,0.6203686,1.0,0.6960967,0.79789126
NEUROD1,1.0,0.03248043,0.4654758,0.012072983,0.2020073
HOXC6,1.0,0.0,0.8636539,0.0,0.0
ZNF784,0.47099847,0.93956655,1.0,0.6446117,0.62901497
PAX4,0.0,0.20684487,1.0,0.0,0.0
HOXB9,0.0,0.0,0.0,0.0,1.0
LBX1,0.04281183,0.40789372,0.18487303,0.026532482,1.0
HOXA4,0.0113775935,1.0,0.0098263025,0.007051223,0.025026552
ZNF878,0.0,0.0,0.34839,1.0,0.12675892
ZNF521,0.78980726,1.0,0.07641975,0.19182622,0.28868514
ZNF33B,0.33941516,0.5189136,0.9589451,0.6530676,1.0
ZNF829,0.39754453,0.51244575,0.6833157,1.0,0.82423913
HES3,0.0,0.0,0.0,1.0,0.0
ZNF555,0.34059379,0.67841595,0.98541975,1.0,0.67292595
ZNF425,0.5326208,0.6177767,1.0,0.6649636,0.45844093
ZNF77,0.70231533,0.91554296,1.0,0.91168797,0.8648704
HOXC5,0.0,1.0,0.0,0.0,0.0
KLF7,1.0,0.81048334,0.44277322,0.13217907,0.30029133
TLX3,1.0,0.12599462,0.019579057,0.026538262,0.07915203
RFX7,1.0,0.6306079,0.85582864,0.85514206,0.69981295
PAX6,1.0,0.8406763,0.17174207,0.026398659,0.021794522
PRDM8,1.0,0.86834955,0.6513728,0.072441414,0.115134306
ZNF423,1.0,0.40215772,0.6468863,0.38532013,0.5088763
ZNF804A,1.0,0.86548746,0.96883786,0.12972593,0.6610851
MYCN,1.0,0.5981925,0.642365,0.15300794,0.24838793
INSM2,1.0,0.13636823,0.16481945,0.056770667,0.05277205
MLLT10,1.0,0.36448866,0.7964768,0.45137137,0.38856906
SP5,1.0,0.10519044,0.0043840297,0.21769774,0.05550928
ZIC1,1.0,0.4809036,0.012466461,0.038621493,0.104658134
TBX5,0.699722,1.0,0.16115136,0.11564006,0.13192567
KAT6B,1.0,0.70748633,0.86614954,0.8154475,0.54194057
ZXDC,0.9215167,0.70861757,1.0,0.4281929,0.3880425
ZNF704,0.9799457,0.51859814,1.0,0.55703515,0.3442726
SMARCC1,0.8569547,0.69331825,1.0,0.7736853,0.50780284
HOXB4,0.0,1.0,0.0,0.009530773,0.0048324424
AFF3,0.7145919,1.0,0.7843151,0.35009035,0.5953455
PBX4,1.0,0.91927713,0.2689314,0.05888694,0.14604591
OLIG3,0.07031444,1.0,0.015584893,0.017353723,0.10226342
ATOH1,0.6453793,1.0,0.0074760946,0.002384331,0.027805643
HOXB2,0.04974637,1.0,0.015828712,0.01298111,0.021391131
HOXA2,0.05130705,1.0,0.0061119357,0.0010964607,0.025573459
ZEB1,0.95920527,1.0,0.32486847,0.28026378,0.12364068
DACH1,1.0,0.98121023,0.13739268,0.10658767,0.28579262
NFIB,0.71873087,1.0,0.8281716,0.03954319,0.10458295
SCRT2,0.13704683,1.0,0.8298799,0.4601012,0.44122875
TCF12,0.74364895,1.0,0.8676607,0.50289977,0.40204126
POU4F2,0.021103773,1.0,0.0068348837,0.025340542,0.07999264
PROX1,0.14524707,1.0,0.093584605,0.16731612,0.087878
TBX22,0.0,1.0,0.0,0.0,0.0
MLLT11,0.3114336,1.0,0.5628279,0.3167441,0.84777135
HOXB13,0.0,1.0,0.0,0.0,0.43975228
ZNF536,0.4354944,1.0,0.08475768,0.3880558,0.29214826
CERS6,0.27944317,1.0,0.88517547,0.67031103,0.5362415
ZNF462,0.32793316,0.48747295,1.0,0.85586244,0.5752261
ZNF493,0.28839964,0.451853,1.0,0.49118936,0.4443974
ZNF280D,0.37556246,0.7158027,1.0,0.9768785,0.8153782
CUX2,0.11844205,0.13844839,1.0,0.43456742,0.6287275
ATRX,0.62593585,0.6698575,1.0,0.8356093,0.6930965
SOX5,0.27312002,0.25653628,1.0,0.1602594,0.072521575
MLLT3,0.43029928,0.119999886,1.0,0.096898794,0.19553784
TBR1,0.0076680216,0.005479334,1.0,0.007603566,0.012047748
ZNF669,0.49489662,0.61608636,1.0,0.34336135,0.46947357
BHLHE23,0.0,0.0,1.0,0.0,0.12128066
ZNF678,0.32437316,0.34768078,1.0,0.3609784,0.30534366
ARID4B,0.71495444,0.5823118,1.0,0.76079565,0.51253104
PDX1,0.0,0.0,1.0,0.0,0.181921
LCOR,0.469284,0.6117572,1.0,0.74902284,0.67514485
GTF2I,0.51217085,0.6399852,1.0,0.9332139,0.4881671
CUX1,0.86953676,0.3547388,1.0,0.7424846,0.40116197
ZNF292,0.4226598,0.5478601,1.0,0.8141768,0.7027635
ZNF532,0.6297649,0.7633751,1.0,0.6397104,0.5890105
EZH2,0.48680127,0.28442556,1.0,0.42127138,0.29950818
ZHX3,0.10181143,0.13538243,1.0,0.12139188,0.18901648
NEUROG2,0.020512404,0.018514786,1.0,0.03445754,0.1665701
ZNF726,0.4375454,0.3003688,1.0,0.54233444,0.41367516
ARID2,0.7843668,0.62489843,1.0,0.784494,0.52860457
KAT6A,0.42030832,0.60461164,1.0,0.5031131,0.4263021
ADNP,0.5740722,0.6651261,1.0,0.90927446,0.65536016
HOXD10,1.0,0.7145695,0.8636539,0.0,0.0
POU3F3,0.059829213,0.13831572,1.0,0.22083783,0.088472225
PHTF2,0.5753764,0.42337942,0.99010515,1.0,0.83341616
ZNF43,0.44547668,0.38856578,1.0,0.3972395,0.24803728
ZNF358,0.3403716,0.7882907,1.0,0.4350722,0.28935465
ZNF714,0.34311727,0.560414,0.9180464,1.0,0.6517495
ZNF613,0.53218925,0.8068235,1.0,0.61061716,0.5242941
TCF19,0.5789356,0.6205346,1.0,0.17939664,0.13644075
RXRB,0.43059814,1.0,0.65080357,0.53372335,0.37209806
DMRTA1,0.31578305,0.16714737,1.0,0.086980194,0.10290481
SOX11,0.23776686,0.5849393,1.0,0.5819186,0.45726967
POGZ,0.46049988,0.63031465,1.0,0.9615203,0.7078209
SMARCD3,0.08556509,0.121892475,1.0,0.21347436,0.25060457
MNX1,0.23838526,0.14600815,1.0,0.16884391,0.1498173
DMRTA2,0.0069500073,0.016885294,1.0,0.036180835,0.03756352
DMRTB1,0.38595706,0.0,1.0,0.0,0.12128066
HOXA10,0.0,0.20684487,1.0,0.17939664,0.0909605
ISX,0.46648133,1.0,0.4028784,0.0,0.14658408
FOXM1,0.5463793,0.22049965,1.0,0.11404187,0.10141317
ZNF519,0.51294297,0.36696208,1.0,0.476656,0.45753604
E2F2,0.2735129,0.16286999,1.0,0.059328027,0.06302775
ZNF492,0.44555694,0.47911763,1.0,0.38873,0.30086064
SFPQ,0.5548311,0.7832515,1.0,0.45133397,0.4789
ZNF8,0.4510202,0.7149859,1.0,0.6435965,0.5311736
SMAD9,0.28445777,0.33115065,1.0,0.17301427,0.100144014
NEUROD4,0.069629505,0.08827522,1.0,0.04176062,0.06563979
DMRT1,0.046314847,0.23166625,1.0,0.17222078,0.46571776
DNMT1,0.52532494,0.56585395,1.0,0.3927608,0.47602504
ZNF506,0.38734537,0.5357133,1.0,0.75630534,0.7080522
NR2C2,0.47430384,0.65820473,1.0,0.80338365,0.6196852
ZBTB33,0.41845042,0.76112115,1.0,0.4464656,0.40866852
ZNF480,0.47051305,0.6168801,1.0,0.52361,0.43841034
ZNF706,0.38595706,0.4738107,1.0,0.43369707,0.67858416
ZNF341,0.35664225,0.36511543,0.5449505,0.3931744,1.0
NFYB,0.44916505,0.6184529,1.0,0.40770474,0.4773554
ZNF454,0.3616969,0.69657475,1.0,0.87067175,0.49413213
ARGFX,0.2894678,0.0,1.0,0.17939664,0.0909605
ZNF732,0.38780376,0.07917507,1.0,0.09956943,0.10271138
ZFP91,0.0,0.0,1.0,0.3587933,0.909605
ZNF3,0.5543582,0.8215254,1.0,0.9359089,0.7637249
FOXN4,0.076605365,0.01705012,1.0,0.024127098,0.025255842
ZBTB3,0.43999106,0.81083184,1.0,0.55971754,0.9241587
TCF3,0.49326974,0.745925,1.0,0.3352448,0.28938028
ZNF253,0.45456183,0.54810727,1.0,0.7568125,0.3997255
ZNF90,0.7329079,0.36307877,1.0,0.15649496,0.15095572
FOXP3,0.15911731,0.113700375,0.8245337,0.7888991,1.0
ZKSCAN2,0.5695067,0.8300745,1.0,0.6755131,0.58783597
ZKSCAN4,0.4033874,0.7953519,1.0,0.7685121,0.7347261
ZNF280C,0.53789616,0.6092884,1.0,0.57189626,0.49605715
ZSCAN23,0.40540165,0.53684187,0.7113686,1.0,0.45976964
YEATS4,0.47957596,0.53486204,1.0,0.37275094,0.527446
SMARCB1,0.5819667,0.8187158,1.0,0.3681858,0.68387055
ZNF443,0.20433022,0.7138176,1.0,0.4877713,0.4137811
NOC4L,0.38595706,0.8069504,1.0,0.40751833,0.59068173
YBX1,0.5556616,1.0,0.96061766,0.38956815,0.49118984
SMARCD1,0.45028323,0.7452283,1.0,0.70147055,0.6797308
PBRM1,0.394585,0.6312651,1.0,0.76871544,0.6477167
NONO,0.48399502,0.6254904,1.0,0.6556595,0.52506995
ZNF367,0.6793867,0.34519804,1.0,0.2052963,0.2038479
PHF5A,0.5209186,0.76034236,1.0,0.345788,0.52598053
ZNF93,0.48602,0.62921697,1.0,0.6227943,0.2982606
POU3F2,0.049405407,0.18343873,1.0,0.24377038,0.13151658
E2F7,0.5118449,0.18604927,1.0,0.05947763,0.06366537
SMARCA5,0.5230178,1.0,0.62602425,0.5667481,0.46792158
ZBED4,0.41222936,0.6146594,1.0,0.46105465,0.4126631
ZNF730,0.49531704,0.424937,1.0,0.6529611,0.28068694
MYBL2,0.5369838,0.11991007,1.0,0.07695856,0.089642234
ZNF430,0.3698047,0.5549274,1.0,0.62433195,0.7461165
ZNF611,0.48856804,0.67740136,1.0,0.5614953,0.64341044
ZSCAN16,0.42658412,0.7257715,1.0,0.80256397,0.7548126
ZNF311,0.096489266,0.27579314,1.0,0.41859218,0.30320168
ZNF146,0.5397461,0.6262626,1.0,0.8077449,0.5791618
ZNF100,0.42394498,0.56353015,1.0,0.48874995,0.35238242
ZNF681,0.24114648,0.4169782,1.0,0.88871217,0.37078333
ZNF107,0.5473329,0.4425183,1.0,0.5304807,0.429342
ZNF431,0.39469332,0.606751,0.8367741,1.0,0.5489258
ZNF354A,0.5217967,0.96604645,1.0,0.73495835,0.8354137
ZNF782,0.29226652,0.301125,1.0,0.53372985,0.44148508
ZFP62,0.40535188,0.7511552,1.0,0.6154176,0.57410246
ZNF418,0.48710445,0.49642769,1.0,0.6483023,0.7352118
MAZ,0.3406124,0.49205717,1.0,0.3287305,0.35920286
ZNF83,0.38933995,0.61377716,1.0,0.2369084,0.13625956
RCOR2,0.40180758,1.0,0.86048037,0.24820636,0.2504631
ZNF775,0.6647039,0.5975519,1.0,0.43852517,0.25603697
ZNF121,0.7261466,0.733313,1.0,0.554419,0.5270816
ZNF527,0.5834942,0.6970835,1.0,0.6215317,0.84514487
ZNF257,0.2921731,0.25130683,1.0,0.17101362,0.15641806
ZNF585B,0.41212365,0.5188651,1.0,0.46217445,0.6721827
ZNF737,0.31423512,0.46678364,1.0,0.81352067,0.5982964
ZNF668,0.51061404,0.9764106,1.0,0.54821837,0.9310739
FIZ1,0.35399884,0.64820176,1.0,0.4479203,0.42177862
E2F1,0.7029932,0.30534244,1.0,0.07005012,0.07536727
DRAP1,0.46535993,1.0,0.9781422,0.43990478,0.58598393
NR1D2,0.8018855,0.5651356,1.0,0.40257633,0.657914
ZNF776,0.39765275,0.8106648,1.0,0.9749031,0.7515726
GATAD1,0.7062675,0.8759061,1.0,0.8691005,0.7906361
ZNF433,0.30156896,0.6521468,0.5860152,0.8115234,1.0
TCF25,0.47923884,1.0,0.82348156,0.7295224,0.9873249
TOPORS,0.72590077,0.95322955,1.0,0.44766197,0.49696404
NKX2-5,1.0,0.7145695,0.0,0.0,0.62846714
ZNF534,0.3872551,0.41508105,0.47381037,1.0,0.7199906
ZFPM1,0.42678928,0.9068863,0.5027809,1.0,0.265282
ZNF662,0.4482082,0.5337932,1.0,0.7638825,0.39905253
ZBTB45,0.7507746,1.0,0.97520775,0.97897005,0.76626354
SIX5,1.0,0.50496244,0.51819235,0.16526574,0.12569343
ZNF229,0.6140211,0.5095287,0.7355799,0.91247153,1.0
ZBTB34,0.41978598,0.8933061,1.0,0.6146658,0.63346195
PCBP4,0.43568203,1.0,0.37683263,0.73328847,0.4226138
ZNF626,0.34954602,0.6088264,1.0,0.8123622,0.6727645
ZNF252P,0.46627784,0.85644954,1.0,0.5954029,0.4454606
YBX2,0.63646924,0.4548015,0.8245337,0.9861239,1.0
AHR,0.13555565,0.14529592,1.0,0.12951563,0.6708892
ZSCAN18,0.56048703,0.9818069,1.0,0.8036099,0.6603263
MEIS3P1,0.7719141,0.27579314,1.0,0.0,0.0
ZNF552,0.5578928,0.65506387,0.58588266,0.98855877,1.0
HEY2,0.80226743,1.0,0.8856379,0.4672955,0.20471226
NR2F2,0.37598857,0.2751189,0.13036732,1.0,0.59815115
ZNF503,0.13543005,1.0,0.0,0.13988717,0.070927784
WIZ,0.4035006,0.5838219,1.0,0.42558163,0.5615137
DBP,0.33645952,0.43075913,0.48430762,0.43441585,1.0
BBX,0.9760206,1.0,0.9794002,0.7416991,0.57916874
FOXJ2,0.5754689,0.9611474,1.0,0.6445389,0.8540483
ZBTB5,0.45865813,0.6211076,1.0,0.5138397,0.5160307
ZBTB48,0.62104,0.7897713,1.0,0.75998944,0.7326455
ZNF205,0.4535747,1.0,0.8121264,0.6513323,0.67092633
AR,0.4544689,1.0,0.28702927,0.26552546,0.19062223
SPIC,0.0,0.0,0.68711144,0.0,1.0
THAP8,0.60711175,1.0,0.86204135,0.6759842,0.57879156
EGR2,1.0,0.51968694,0.6542832,0.15024157,0.31423354
IKZF4,0.4444497,0.8402266,0.78633505,0.9306336,1.0
DLX3,1.0,0.12992172,0.117770985,0.056340586,0.12855008
BPTF,0.6236631,0.54146934,0.7789501,1.0,0.7634864
ZNF76,0.7344212,0.7328218,1.0,0.9513148,0.66219246
ARNT2,0.38177532,0.7389572,1.0,0.9877639,0.46185803
ZNF16,0.45028326,0.7584312,1.0,0.4584581,0.5407096
HMG20B,0.81146467,1.0,0.7375892,0.28690168,0.23659675
TFB1M,0.82959044,0.8214514,1.0,0.7484347,0.5645696
BCL6,0.3952349,0.44551203,1.0,0.94528234,0.22302815
THAP11,0.7252932,1.0,0.98778826,0.39763278,0.6954222
ZNF598,0.7851842,1.0,0.90878296,0.42702964,0.5270313
ZNF791,0.72190446,0.77692944,1.0,0.85650957,0.7409952
MEF2B,0.9231676,0.7155714,1.0,0.3006106,0.3048406
ZNF221,0.4994362,0.71925426,0.776412,1.0,0.76538247
HOXD1,0.0,1.0,0.0,0.0,0.16251715
ZNF268,0.47802025,0.8311748,1.0,0.8097537,0.66760004
ELF3,0.2893042,0.4134559,0.4997174,0.0,1.0
ZNF30,0.6256338,1.0,0.7251812,0.6071103,0.920893
FOXI1,,,,,
RARA,0.19800287,1.0,0.48983058,0.50956506,0.43131578
ZNF37A,0.23157424,0.7722208,1.0,0.8132648,0.77619624
CDX2,0.0,1.0,0.0,0.0,0.0
ZNF343,0.6928355,0.6251423,0.8417749,0.8223764,1.0
PARP1,1.0,0.5813787,0.99161166,0.33644375,0.39268154
FOXO4,0.6041067,0.43167624,1.0,0.7799854,0.22146904
ZNF155,0.6605804,0.97057974,1.0,0.95218223,0.6950315
POU2F3,0.9924611,0.35459122,1.0,0.9226114,0.8316389
PPARA,0.59108937,1.0,0.92993176,0.415829,0.25602016
ZNF397,0.4228488,0.56944567,0.83272487,1.0,0.6570657
CXXC1,0.48796,0.6087149,1.0,0.40236107,0.5834466
TCF7L1,1.0,0.3010398,0.39716774,0.097349085,0.04578739
ZNF512,0.6653997,0.7132115,0.8370267,0.65442777,1.0
ZNF844,0.860567,0.9324832,0.9579773,1.0,0.78188777
ZBTB39,0.4342017,0.8848363,1.0,0.7823688,0.5811365
ZBTB11,0.8440761,0.96488535,1.0,0.732494,0.91767895
FOXD3,0.0492762,1.0,0.07660364,0.042754248,0.43355855
PHB2,0.76137716,0.89579,1.0,0.61011654,0.6272159
ZC3H6,0.4095852,0.5617469,0.8809452,1.0,0.80137116
ZKSCAN1,0.43077138,0.6219436,0.8454206,1.0,0.5409755
IRF9,0.7090516,1.0,0.83798707,0.8094805,0.6625601
PLAG1,0.78975433,0.53775007,1.0,0.47205392,0.3094913
PHB,0.5323546,0.87810004,1.0,0.3972845,0.56667346
CAMTA2,0.50984454,0.8375941,1.0,0.47839108,0.6992355
ZNF322,0.5638983,0.992139,1.0,0.6803094,0.65838075
HAND2,1.0,0.71456945,0.86365384,0.24789856,0.0
ZC3H7B,0.75925976,0.9310441,1.0,0.7310308,0.8934153
SP1,0.5862639,0.6126797,1.0,0.56922483,0.41680634
THAP7,0.4404173,0.77662003,1.0,0.4270301,0.50893235
PURA,0.76410717,0.8211035,1.0,0.901746,0.8845362
NFKBIB,0.91807544,0.72946477,1.0,0.21230374,0.5532982
ZNF606,0.38862804,0.69854873,1.0,0.6505456,0.45826465
ZNF22,0.6529349,0.8857004,1.0,0.5300969,0.6654479
SREBF1,0.3396909,0.45153517,1.0,0.44820866,0.60487294
HOMEZ,0.4956697,0.82895637,0.8561741,1.0,0.46726817
TERF1,0.530764,0.769175,1.0,0.8766281,0.99162084
CREB3,0.4987753,0.95466864,1.0,0.4609114,0.80325115
FUBP3,0.572455,0.76717836,1.0,0.7479323,0.87747467
ZC3H10,1.0,0.7145695,0.8636539,0.0,0.31423357
TADA2B,0.38634956,1.0,0.8897928,0.42034808,0.69065386
PRDM15,0.63866705,0.7321651,1.0,0.6150742,0.632392
KAT5,0.8073674,0.8066518,1.0,0.692119,0.74819285
HBP1,0.69168234,0.5942829,1.0,0.42670494,0.41181022
ZNF274,0.5456391,0.69180185,0.9259839,1.0,0.8012498
ATF1,0.6865081,0.6778362,1.0,0.6933438,0.6354943
NR2F6,0.46779168,1.0,0.628083,0.50673735,0.61392385
GTF3A,0.79894906,1.0,0.97222733,0.49938694,0.95476776
TBX19,1.0,0.5925699,0.76886266,0.21162075,0.33722627
MAEL,0.59668994,0.55271024,0.24812359,0.246531,1.0
ZNF417,0.3544504,0.7260677,1.0,0.52720654,0.7796615
RXRG,0.58923954,1.0,0.7315424,0.36517912,0.31245556
GLI1,1.0,0.27742112,0.39626473,0.007291135,0.12199656
MYNN,0.6639407,1.0,0.9442463,0.8291097,0.839527
ZBTB4,0.5789356,0.89946175,1.0,0.80320776,0.7959044
ZNF718,0.53468,0.45520929,1.0,0.53697723,0.44633555
NOC3L,0.63983345,0.652156,1.0,0.34520647,0.48223096
ZNF629,0.53996813,1.0,0.83335125,0.6296839,0.5522004
ZNF843,0.9329626,1.0,0.65080357,0.88953894,0.9246073
MLLT1,0.33452648,0.7942062,1.0,0.6008095,0.50972205
MLXIP,0.3989208,1.0,0.5285639,0.32155225,0.43243343
ZNF211,0.3904222,0.68087655,0.73568654,1.0,0.86136013
PRDM11,0.6550647,0.9336484,1.0,0.95897657,0.97803396
ZNF281,0.4149443,0.8677383,0.8492139,1.0,0.9022206
CDC5L,0.5825951,0.79913765,1.0,0.49532524,0.63292867
THAP9,0.46665722,0.47637004,1.0,0.4022834,0.33407313
ZNF517,0.5597776,1.0,0.7493538,0.5377263,0.9146847
ZNF585A,0.5422941,0.8378526,1.0,0.53591913,0.5434602
ZNF48,0.41120657,0.7925831,1.0,0.50968766,0.6494749
ZNF774,0.4527613,1.0,0.8176063,0.427273,0.8633372
ZNF212,0.65675974,0.85179394,1.0,0.92698073,0.83743304
NFRKB,0.7612709,0.79976016,1.0,0.6863419,0.6812136
ZNF627,0.76430905,0.9088946,1.0,0.90935546,0.7684594
ZNF667,0.4169813,0.6614104,0.79940397,0.5850008,1.0
ZNF132,0.5474589,0.7206269,0.64701,1.0,0.7243367
TOX4,0.5394178,0.8937393,1.0,0.8106525,0.84254885
ZNF624,0.5491509,0.5410822,0.8218825,0.8603482,1.0
ZNF841,0.3814164,0.52562934,1.0,0.7682398,0.82613534
ZNF181,0.40839645,0.86586225,1.0,0.57295674,0.6670437
ZNF287,0.31930155,0.7398017,1.0,0.67561084,0.65876687
ZNF260,0.4560595,0.6956742,1.0,0.9262725,0.65937084
RFX1,0.62369114,0.93047345,0.8618453,0.95029914,1.0
ZNF790,0.6703465,0.67315304,1.0,0.76951724,0.61996764
ZNF516,0.8725309,0.89600015,1.0,0.8349107,0.44805828
NKX6-2,0.22848065,1.0,0.17266217,0.5664003,0.15256712
SMAD2,0.619735,0.562834,1.0,0.39637005,0.52397996
TSC22D4,0.28788564,1.0,0.2779861,0.23664914,0.16019547
ZBTB9,0.0,0.0,1.0,0.0,0.0
ZNF608,0.50931257,0.57010394,0.74691176,0.9913662,1.0
ZNF488,0.915021,1.0,0.5345887,0.25018284,0.42283872
CHAMP1,0.64509964,0.75252134,1.0,0.734672,0.70169526
ARHGAP35,0.5157352,0.7421609,1.0,0.61897117,0.70143056
LCORL,0.9415418,0.5117495,0.97346175,0.9007108,1.0
NCOA7,0.54370517,0.8609076,0.5315258,0.3950558,1.0
TFEB,0.80494636,0.49493107,0.95387226,0.29003644,1.0
C20orf194,0.56807613,0.73087627,0.7434337,1.0,0.8226999
HSFX1,,,,,
E2F3,0.59349364,0.19015212,1.0,0.07039482,0.09675857
THRA,0.38388482,0.77185065,1.0,0.326526,0.8693138
ZBTB1,0.5660704,0.59214413,1.0,0.35785532,0.4159214
ATOH8,1.0,0.4254689,0.25711834,0.037847113,0.1223352
ZNF729,0.0,0.82737947,1.0,0.3587933,0.545763
ZNF365,,,,,
NR0B1,1.0,0.7145695,0.43182695,0.61974645,0.15711679
SOX6,0.2473488,0.46970376,1.0,0.41107157,0.07520546
ALX1,0.49623054,0.5318868,1.0,0.051256187,0.44180816
ZBTB12,0.0,0.0,0.0,0.0,1.0
FOXE3,0.0,0.0,1.0,0.7175866,0.727684
MATR3,0.54488057,0.24334691,1.0,0.2110549,0.5136593
HOXD13,0.0,1.0,0.0,0.0,0.43975228
VEZF1,0.3647971,1.0,0.7869626,0.6618162,0.49768963
THAP5,0.5352423,0.5619936,1.0,0.41295075,0.4256265
ZHX2,0.26937687,0.49070826,0.58786815,0.52580416,1.0
ZNF581,1.0,0.7145695,0.0,0.0,0.31423357
ZNF827,0.7069136,0.7295646,0.6280417,1.0,0.37462166
GSX1,0.44512084,0.1590349,0.09610759,1.0,0.22729185
HOXD9,0.0,0.0,0.0,0.0,1.0
ZNF468,0.31578305,0.82737947,1.0,0.065235145,0.2976889
ZNF396,0.33586654,1.0,0.58014494,0.86730045,0.5628829
NCOR2,0.5743071,0.5395033,1.0,0.26160815,0.2770412
ZNF57,0.53954464,1.0,0.49510357,0.41797614,0.6092953
ZNF805,0.5931717,0.86128855,1.0,0.54701275,0.65461737
E2F6,0.79834956,0.89160526,1.0,0.8289928,0.9901819
ZNF814,0.49176,0.48876086,1.0,0.74321467,0.62443155
ZNF24,0.48874775,1.0,0.9990231,0.7789835,0.75566024
ZC3H7A,0.48318014,0.66457766,1.0,0.6722259,0.7595029
KCNIP3,1.0,0.2938197,0.87785876,0.28133228,0.19226132
ZNF621,0.6844874,0.69481593,1.0,0.7294803,0.29348582
ZNF346,0.40428144,0.57531923,1.0,0.85528374,0.7409997
ZNF142,0.39999187,0.82487226,1.0,0.5153577,0.59207016
DNAJC21,0.95395184,0.8663032,1.0,0.6189076,0.60347736
ZC3H3,0.5758062,0.8363241,1.0,0.5275231,0.71195024
ZNF507,0.6549348,0.7323426,1.0,0.716894,0.56578135
THAP2,0.5967701,0.832281,1.0,0.97775424,0.8953789
ZBTB49,0.45844838,0.9359807,0.9281468,0.6660257,1.0
ZNF175,0.48130733,0.7075886,0.88928896,1.0,0.80084366
ZNF596,0.6932799,0.8154317,0.8054035,1.0,0.7885079
SLC30A9,0.63906664,0.71313184,1.0,0.91344965,0.6915049
ZMAT3,0.23008981,0.9440612,1.0,0.44159177,0.99590087
ZNF449,0.54792124,0.83107316,1.0,0.5990567,0.63347495
ZNF160,0.5336768,0.845571,1.0,0.58786005,0.69598114
ZNF570,0.5204369,0.6515253,1.0,0.62757576,0.6186582
ETV7,0.0,0.37900126,0.0,0.986124,1.0
ZNF439,0.386862,0.8487187,1.0,0.8892017,0.73578835
ZNF562,0.60278106,0.8949777,1.0,0.76749307,0.84806395
ZNF318,0.36292908,0.58759934,0.8033796,1.0,0.7977978
CREB3L4,0.6528965,0.7471929,1.0,0.7586819,0.47604
ZNF747,0.4983243,0.65980893,1.0,0.363335,0.48819306
ZNF35,0.5835025,1.0,0.82375485,0.7927902,0.6125301
ETV2,0.27672574,0.54378444,0.80660903,0.38587457,1.0
DMRT2,0.0,0.0,1.0,0.7175866,0.363842
ZNF32,0.5224002,1.0,0.9099714,0.7852216,0.69037867
RFX5,0.53440213,0.6707159,1.0,0.3014713,0.3229367
NFXL1,0.827213,0.8796149,0.93163216,0.9037317,1.0
GATAD2B,0.35069337,0.54087204,1.0,0.426422,0.3294646
ZNF316,0.53821117,0.87370795,0.9892497,0.7167145,1.0
ZNF282,0.5496224,0.6755187,1.0,0.5722526,0.53655183
ZNF837,0.6947227,0.8549588,1.0,0.47839108,0.7640682
DR1,0.5869148,0.8932657,1.0,0.52198106,0.6101179
ZNF70,0.6833338,0.5335015,1.0,0.6666105,0.5308515
ZNF793,0.44821194,0.65153813,0.95558393,1.0,0.9030064
ZSCAN29,0.70162857,1.0,0.99127847,0.7184178,0.71654457
ZNF559,0.44412637,0.5157086,0.9246812,1.0,0.5972055
ZNF395,0.63496166,0.9217465,1.0,0.7341209,0.819902
ZNF571,0.6204697,0.52886677,0.7440193,1.0,0.946932
ZSCAN30,0.6117031,0.9022283,0.95500344,1.0,0.6924764
ZNF546,0.44920754,0.48425218,1.0,0.7823854,0.6145158
ZNF777,0.7650293,1.0,0.9669082,0.7025134,0.8721753
ZNF140,0.4165228,0.6452449,1.0,0.61548704,0.5826356
ZNF781,0.3985306,0.6042847,0.79751927,1.0,0.7116826
ZBTB44,0.39842966,0.5099945,1.0,0.549248,0.40847853
ZNF512B,0.36235538,0.7291653,1.0,0.6814492,0.8101374
ZKSCAN5,0.5484653,0.9111223,1.0,0.76407,0.7114805
ZNF136,0.5709319,0.7492169,1.0,0.49272078,0.64720285
HMG20A,0.50734454,0.6558712,1.0,0.7473364,0.57398087
ZNF154,0.34963173,0.59538877,1.0,0.6669335,0.727684
ZNF766,0.6676014,0.78017163,1.0,0.62923515,0.64683026
ZNF79,0.4303592,0.75416005,1.0,0.80014086,0.7759816
MYT1,0.2004008,0.80351275,1.0,0.48989084,0.31836176
ZKSCAN3,0.44820824,0.7740002,1.0,0.89351106,0.55867356
ZNF699,0.49078393,0.6497165,0.9615098,0.9252916,1.0
SMARCAL1,0.6379291,0.68662494,1.0,0.8117776,0.74245137
ZNF721,0.49545488,0.49953157,1.0,0.6797303,0.785694
ZFP82,0.42050824,0.58057487,0.7445058,0.728773,1.0
ZNF708,0.5531767,0.87541914,1.0,0.7336638,0.32790557
ZFP41,0.6780327,0.7453869,1.0,0.68526286,0.7604625
ZNF329,0.5487827,0.87909067,1.0,0.6540503,0.6670437
ZBTB37,0.5101111,0.79169995,1.0,0.855584,0.86168647
ZNF74,0.3700413,0.64399123,1.0,0.74717784,0.74643874
ZNF445,0.45424178,0.62230253,1.0,0.6691342,0.6829034
ZFP3,0.4296503,0.53597534,1.0,0.5596273,0.47825772
ZNF740,0.5929583,0.74721813,1.0,0.6356476,0.6433331
NKRF,0.5391338,0.7911817,1.0,0.6480704,0.7094919
ZNF75D,0.73809916,0.76238894,1.0,0.93654805,0.38142955
RXRA,0.2810599,1.0,0.69534457,0.3955471,0.21987614
ZNF284,0.6495375,0.76683956,1.0,0.71758664,0.81050986
ZNF529,0.53268176,0.6864562,1.0,0.93494165,0.8375713
ZFP1,0.4817716,0.70298326,1.0,0.6699147,0.8860698
ZNF234,0.46380636,0.7521632,1.0,0.7726288,0.76489514
VAX2,0.6227787,0.4854749,0.5134168,1.0,0.28465158
ZNF549,0.55233246,0.8454841,1.0,0.8589056,0.9330916
ZNF169,0.5943056,0.6626358,1.0,0.5524782,0.4105297
SOX12,0.56190807,0.89169264,1.0,0.7138178,0.6279332
ZNF619,0.42104408,0.9778121,1.0,0.8480569,0.363842
ZBTB41,0.36527145,0.5702969,1.0,0.5189602,0.6178403
ZFP14,0.40426025,0.63362706,0.9684505,0.98724246,1.0
DEAF1,0.53809786,0.7106537,1.0,0.56275463,0.7775047
THAP4,0.47194248,0.77920294,1.0,0.5286524,0.74057966
CREBZF,0.5828633,0.82401156,1.0,0.7876901,0.752368
ZNF639,0.37683445,0.6769468,1.0,0.4944824,0.42933354
ZNF14,0.5021087,0.8106031,0.9194946,0.88023627,1.0
TFAM,0.44695938,0.7192417,1.0,0.4551258,0.6270468
MGA,0.71713316,0.770145,1.0,0.49510902,0.55632615
ZNF595,0.41085753,0.5492451,1.0,0.47514224,0.44538215
ZNF408,0.6636172,0.862183,0.91180664,0.5795231,1.0
ZNF25,0.34847468,0.56245893,1.0,0.64651793,0.74027854
ERF,0.89055526,1.0,0.7691315,0.15769099,0.51970726
ZNF593,0.676484,1.0,0.9009016,0.41924855,0.49979225
THAP6,0.4719816,0.577187,0.8102864,1.0,0.6788611
ZNF354C,0.4240092,0.5576904,1.0,0.66416466,0.6266574
ZNF649,0.46078548,0.69511133,1.0,0.70050126,0.674469
ZNF560,0.44533512,0.19093373,1.0,0.49679074,0.8536293
ZNF677,0.6161896,0.75521576,0.98688066,0.6598329,1.0
ZNF461,0.5240891,0.7555281,1.0,0.60806024,0.7066195
ZNF587,0.51694083,0.6856209,1.0,0.5769065,0.65635425
ZNF583,0.23157424,0.6496461,1.0,0.9793728,0.6973638
ZNF26,0.6273103,0.7983877,1.0,0.6460213,0.6629573
ZNF770,0.4776259,1.0,0.9982585,0.5683334,0.6028458
ZNF720,0.39133626,0.637111,1.0,0.65382886,0.4912501
ZNF655,0.56547195,0.71193117,1.0,0.5840821,0.7784527
ZNF441,0.5517203,0.7525026,0.55969304,1.0,0.67971677
ZNF398,0.55808413,0.8729555,1.0,0.8916622,0.7750914
ZNF684,0.7690339,0.768722,1.0,0.7443622,0.68559784
ATOH7,1.0,0.94022304,0.95456487,0.48927355,0.9261621
TAX1BP1,0.5260347,1.0,0.788683,0.9017733,0.9232598
ZNF81,0.5473573,0.71455497,1.0,0.65626556,0.6125776
ZNF615,0.51093364,0.78535384,1.0,0.77909404,0.72075367
MAF1,0.5165887,0.8401084,1.0,0.44849163,0.4736943
ZNF628,0.4362993,0.82737947,1.0,0.37439302,0.506215
ZNF695,0.8016032,0.2545783,1.0,0.055198967,0.22390278
ZNF28,0.43420172,0.64247274,1.0,0.35335705,0.43688607
ZNF511,0.8651108,1.0,0.8130819,0.315382,0.3597973
ZFP30,0.43835697,0.5649227,0.84335417,1.0,0.54616207
ZNF114,1.0,0.75169,0.41500252,0.3782868,0.27342403
ZNF518B,0.5435267,0.92732286,1.0,0.6704058,0.55021363
ZNF543,0.6321032,0.8442648,1.0,0.62605774,0.66456854
ZNF354B,0.40398252,0.6569029,1.0,0.49481934,0.6837031
ZNF223,0.41116244,0.7530841,1.0,0.95190066,0.74550486
ZNF830,0.6456287,1.0,0.9162721,0.57747936,0.75119776
ZNF652,0.3499601,0.6845004,0.8365037,1.0,0.6851002
ZNF789,0.5637953,0.6893112,1.0,0.8239289,0.89487916
ZFP2,0.4770173,0.7350764,0.9708349,1.0,0.5748142
BHLHB9,0.36846903,0.634702,1.0,0.7667364,0.6835935
ZBTB8A,0.39022955,1.0,0.88904417,0.6629845,0.61945873
REST,0.8826803,0.8461098,0.69978875,0.5822134,1.0
ZNF264,0.468401,1.0,0.9715504,0.898233,0.90182394
ZNF446,0.60745096,1.0,0.8832334,0.86253506,0.9858182
ZNF586,0.44012716,0.56052274,0.84913355,1.0,0.6446692
ZNF416,0.58923954,1.0,0.91177744,0.6999267,0.7252055
ZNF222,0.6122567,1.0,0.9400496,0.88536924,0.8886661
ZNF233,0.60326904,0.6699882,0.77838486,1.0,0.7742571
ZNF235,0.60049266,0.58784056,0.92182696,1.0,0.7017668
ZNF224,0.64715093,0.7974423,0.90419936,1.0,0.9996103
ZNF215,0.38609347,0.29261127,0.27282363,0.4096765,1.0
GRHL2,0.7633331,1.0,0.54937965,0.43365023,0.7595721
KHSRP,0.6088337,0.65258104,1.0,0.64346975,0.714588
ZNF276,0.7873668,1.0,0.85125643,0.596603,0.77566165
ZC3H18,0.548861,0.78798044,1.0,0.5692543,0.6804318
ZNF317,0.3730255,0.5650916,1.0,0.5474372,0.50731575
ZC3H4,0.5167612,0.6474827,1.0,0.3916406,0.34526557
EBF4,0.030847872,0.15327539,1.0,0.39969665,0.06807949
RBM22,0.5014252,0.87114173,1.0,0.6226991,0.74632716
MYF6,0.9096385,1.0,0.12086353,0.30355516,0.3518018
MTA2,0.47180972,0.607505,1.0,0.41953394,0.45265386
ZNF75A,0.66610116,0.7734603,1.0,0.6756602,0.7096963
ZNF469,0.4527613,1.0,0.35548094,0.43365023,0.2716117
ZNF780B,0.5102375,0.6158494,0.79843915,1.0,0.7737294
MYSM1,0.6013901,0.6815765,1.0,0.50158453,0.17363791
ZNF326,0.8314295,0.8890449,1.0,0.9293032,0.83278763
ZNF426,0.79836094,0.92482245,1.0,0.7744404,0.7962453
ZNF510,0.45832402,0.63900286,1.0,0.76563925,0.5777074
ZNF717,0.45470566,0.5145266,1.0,0.8252246,0.50634676
CENPT,0.8106535,1.0,0.8254094,0.4759576,0.77895147
THAP10,0.6458972,1.0,0.914224,0.611558,0.5581471
ZNF577,0.65272146,0.6164788,1.0,0.87587774,0.7000391
PATZ1,0.49520823,0.8447657,1.0,0.64219123,0.50461155
ZNF414,0.53545827,0.9124067,1.0,0.66369677,0.6917313
DPF2,0.6416323,0.8209923,0.9936452,1.0,0.91822624
TADA2A,0.5133957,0.8351849,1.0,0.3181752,0.51143825
ZC3H14,0.7211917,0.75155723,1.0,0.77467555,0.9004449
L3MBTL2,0.58840257,1.0,0.96599257,0.5683446,0.8162068
ZNF599,0.3408902,1.0,0.9297194,0.5003657,0.71036905
ZNF236,0.5664756,0.6154313,1.0,0.4162379,0.79739654
PRDM4,0.66693383,0.9950618,1.0,0.67261785,0.6282339
ZNF141,0.6913354,0.5644225,1.0,0.71567816,0.6425295
ZNF227,0.5378625,0.535281,1.0,0.7939514,0.63918185
ZBED3,0.67010415,1.0,0.7396763,0.8183523,0.45099816
ZNF670,0.5114485,0.85275286,0.8588893,0.8804678,1.0
RFXAP,0.57437205,0.8275675,0.96508414,1.0,0.78981495
TERF2,0.6224839,0.6846016,1.0,0.50008804,0.5111497
IKZF5,0.7230483,0.75458425,1.0,0.6606108,0.68786436
UNK,0.50125206,0.56263816,1.0,0.6169415,0.4086871
ZNF451,0.49816233,0.61519915,0.9929044,1.0,0.7625013
RBAK,0.6346849,0.82431513,1.0,0.7096134,0.7303791
ZNF853,0.4933538,0.8921309,1.0,0.3369537,0.3195482
ZNF528,0.49209526,0.8377217,1.0,0.82253367,0.7699806
ZNF92,0.4783419,0.572067,1.0,0.544269,0.42443863
ZNF180,0.42600924,0.6419996,1.0,0.65835184,0.8418137
SNAPC4,0.8432547,1.0,0.9359175,0.66937804,0.76561993
KAT7,0.57688993,0.5671789,1.0,0.6863137,0.595261
ZNF41,0.4822193,0.6813713,1.0,0.4812051,0.4297616
KDM5C,0.51201564,0.850733,1.0,0.776421,0.7193704
ZNF283,0.3828064,0.72775626,1.0,0.8816064,0.89772445
MXD3,0.74574757,0.4207014,1.0,0.19459976,0.19733803
FOXK1,0.7732743,0.7245949,1.0,0.74224377,0.62253845
ZFAT,0.3723807,0.42200512,1.0,0.33084708,0.35515735
ZNF12,0.5537282,0.79741865,0.8703411,0.84675175,1.0
SALL3,0.0,0.0,1.0,0.3587933,0.0
ZNF99,0.3227126,0.44906434,0.8801432,1.0,0.6671522
ZNF800,0.7722609,1.0,0.7382892,0.47653112,0.36505753
GCM2,0.9281844,0.9475032,0.9161486,0.73959297,1.0
TEF,0.6590959,0.7828283,1.0,0.3146341,0.38903105
ZNF226,0.55234486,0.67608726,0.88781476,1.0,0.66935134
ZNF134,0.5225791,0.9811403,1.0,0.7683892,0.7566626
SRF,0.65902555,0.9222174,1.0,0.5757711,0.7880847
ZNF579,0.5039038,0.81155205,0.8101387,0.8383855,1.0
ZNF319,0.4241706,0.8028038,1.0,0.39076498,0.47551623
ZNF432,0.59193414,0.6830524,1.0,0.6506614,0.6535331
HMX1,1.0,0.8038907,0.75569713,0.23240493,0.35351273
ZNF845,0.5232687,0.77964604,1.0,0.38984272,0.51252747
TUB,0.22067328,0.40998462,0.7730141,1.0,0.7050791
ANKZF1,0.42756966,0.735944,1.0,0.8684538,0.804179
EZH1,0.5511573,0.6610214,1.0,0.8361824,0.8964424
ZNF7,0.4052549,0.723957,1.0,0.68170726,0.7064599
ZNF484,0.67219883,0.8148053,1.0,0.91715854,0.9228759
ZNF558,0.48524892,0.99560183,1.0,0.611884,0.61521
ZFP37,0.45960763,0.70049417,0.92954755,0.89778745,1.0
ZNF839,0.74678856,1.0,0.98099995,0.9061929,0.832177
TBPL1,0.45331746,0.8664068,1.0,0.759333,0.800338
KLF15,0.3420983,0.6017305,1.0,0.27724937,0.57883954
ZNF444,0.8409357,0.8485169,1.0,0.89305484,0.85914516
EHF,0.349861,1.0,0.9064765,0.43365023,0.6596284
NFYC,0.5975232,0.6828958,1.0,0.78895193,0.9735694
HOXB1,0.349861,1.0,0.0,0.0,0.21987614
HOXD3,0.0046022693,1.0,0.005503525,0.017991053,0.07052945
MXI1,0.9165657,0.8892846,1.0,0.83232206,0.5918182
MEIS1,1.0,0.86546916,0.044335183,0.03114312,0.09032807
CSRNP3,0.48441947,0.5488105,0.48781246,1.0,0.7524103
MBNL3,0.9440627,0.82590336,1.0,0.1414689,0.69457793
NFIA,0.8362554,0.9046264,1.0,0.031502828,0.08164499
HOXD12,,,,,
SOHLH2,1.0,0.31880793,0.27902666,0.06674193,0.033840537
IRX3,1.0,0.46331763,0.12536912,0.9776001,0.26355073
IRX5,1.0,0.61571604,0.10411638,0.47154623,0.21549219
ETV4,1.0,0.5759217,0.5865112,0.3699979,0.44321
GRHL1,0.8899538,1.0,0.28858668,0.62740886,0.49381167
TSC22D1,0.2796963,0.4255448,1.0,0.4792304,0.39433876
ZNF497,0.41872978,0.9215715,0.8245337,0.62281513,1.0
CERS3,0.33082035,0.25609365,1.0,0.23919553,0.43314523
SPDEF,0.0,0.82737947,1.0,0.5125619,0.46779686
ZMAT1,0.6053952,0.6746092,1.0,0.86123514,0.63190114
BARX2,1.0,0.8336644,0.57576925,0.30987325,0.36660585
FERD3L,0.0,0.0,0.0,1.0,0.5070357
ZSCAN5A,0.74518806,0.6470748,1.0,0.5144409,0.4038572
OTX1,0.01871307,0.0066858944,1.0,0.759627,0.034546614
ZIC5,0.67072076,1.0,0.07377502,0.07320094,0.10107343
ZIC4,1.0,0.7462277,0.04737342,0.17781755,0.26362914
SOX2,,,,,
ZNF69,0.2991111,0.5672216,1.0,0.7133926,0.5112075
SOX9,0.597164,1.0,0.95233417,0.34394506,0.15702172
POU5F1B,0.0,0.0,0.0,0.0,1.0
FOXB1,0.6361109,1.0,0.3296278,0.47307298,0.43975228
ZNF280A,,,,,
DBX2,0.14994043,1.0,0.38848993,0.061950035,0.06282175
TCF24,0.699722,1.0,0.3021588,0.0,0.43975228
HOXC11,,,,,
NR1H4,0.2893042,0.9302758,0.37478808,0.08964763,1.0
RFX4,1.0,0.5521154,0.072187476,0.102254,0.09609675
RFX2,1.0,0.60785216,0.6434033,0.6013435,0.18771683
ESR1,0.48495582,1.0,0.87356806,0.5066409,0.58343375
POU2AF1,1.0,0.2679636,0.43182695,0.23240493,0.8641423
ZNF19,0.7984557,1.0,0.4819711,0.7129954,0.22392292
RFX3,0.7786907,0.8305937,0.8827981,1.0,0.5924762
TP73,1.0,0.4763797,0.23304947,0.08853521,0.19452554
FOXA1,0.12722218,1.0,0.18312654,0.5256367,0.1599099
FOXJ1,0.29400083,1.0,0.36563754,0.36441195,0.19955143
ID4,0.2591581,0.94977117,1.0,0.8053309,0.96048665
IRX4,0.06629888,0.42637643,0.57259285,0.90394694,1.0
NEUROG3,0.0,1.0,0.3021588,0.0,0.10993807
ENO1,0.8959509,1.0,0.5640952,0.36430845,0.72334254
ZNF705A,,,,,
NKX6-1,0.039145287,1.0,0.1690399,0.46094292,0.09533092
MESP1,0.32970253,0.99359787,0.64378005,0.25763598,1.0
KLF1,0.28946784,0.74464154,1.0,0.75346595,0.2183052
ZNF665,0.67103904,0.66754484,1.0,0.48110923,0.4051877
EN2,1.0,0.043988544,0.0496217,0.5180097,0.38989037
HNF4G,0.42322966,0.35913208,0.43405968,1.0,0.2909221
ZNF772,1.0,0.35728475,0.43182695,0.9296197,0.8641423
ZNF429,0.5578486,0.70272464,1.0,0.8993594,0.5825087
ZNF707,0.0,0.41368973,1.0,0.0,0.727684
SALL2,0.57970494,1.0,0.82531404,0.8729141,0.6916492
ZGLP1,0.5235473,0.8069059,0.6028849,0.5598639,1.0
SOX21,0.025176162,0.07196047,0.36766264,1.0,0.040275175
FOXR1,0.2894678,0.82737947,1.0,0.3587933,0.6367235
ZNF660,0.6349616,0.4537242,1.0,0.509255,0.18778941
ZXDA,0.26407588,0.6386789,1.0,0.33990943,0.49788904
ZNF514,0.77880627,0.9554263,1.0,0.90979725,0.8532961
ZNF513,0.2967045,0.8377217,1.0,0.4888559,0.723136
SOX30,1.0,0.5359272,0.43182695,0.61974645,0.35351273
MBD3,0.31367534,0.6188292,1.0,0.3220265,0.3222723
SMARCC2,0.5336489,0.7731538,1.0,0.7782704,0.9292202
EN1,1.0,0.23238032,0.09479128,0.86411804,0.3487226
ZNF879,0.3486064,0.78289676,1.0,0.9027703,0.81766653
VAX1,0.24811527,0.59098536,1.0,0.9738676,0.12994358
ZFY,1.0,0.784855,0.943884,0.6129733,0.6765466
SALL4,1.0,0.42310035,0.6591043,0.5952828,0.6243325
HES5,0.0,0.82737947,1.0,0.7175866,0.0
RAX,1.0,0.010064359,0.0060820696,0.017457647,0.01991621
GCFC2,0.7711338,0.6671228,1.0,0.6821861,0.64558786
ESX1,1.0,0.17864238,0.43182695,0.15493661,0.31423357
BRCA1,0.6246537,0.26066238,1.0,0.11691353,0.12732957
NKX2-3,0.0,0.49414414,0.9954,1.0,0.072433665
ZZZ3,0.6570596,0.41842464,1.0,0.7854212,0.52275616
ZNF20,0.7421652,0.5936514,0.96624416,1.0,0.53372175
ZBTB20,0.7543645,0.5332751,1.0,0.61984986,0.49050125
TP53,0.9400898,0.6172926,1.0,0.42965218,0.21784897
WDHD1,0.58394974,0.20891194,1.0,0.26915476,0.20094939
FEZF1,0.08531683,0.16547589,1.0,0.18883859,0.107237644
TFAP2C,0.0027833444,0.0,1.0,0.014662227,0.037608672
CREB5,0.3112702,0.2859004,1.0,0.13584563,0.08711032
ZNF438,0.38519084,0.3224105,1.0,0.1304518,0.15973552
HMGA2,0.37533066,0.05081681,1.0,0.07142938,0.12376364
ZNF835,0.52185744,0.8157263,1.0,0.8894031,0.94291455
ZC3H15,0.47432336,0.856332,0.97825354,0.5319005,1.0
ZNF219,0.6395571,0.73207927,1.0,0.8349928,0.46480337
ZNF589,0.57604814,0.5983542,1.0,0.6817967,0.46047336
TFB2M,0.794318,0.7400571,1.0,0.44494155,0.73728406
ZNF474,1.0,0.0,0.0,0.0,0.0
MIER3,0.57577205,0.9166731,1.0,0.7195472,0.43641156
FOXO6,0.061661784,0.09465091,1.0,0.07926006,0.3652773
ZBTB6,0.59388965,0.94034266,1.0,0.8340951,0.56925833
ZNF566,0.38997748,0.50562084,1.0,0.59134454,0.48301712
ZNF750,0.6880104,0.6714964,1.0,0.4991907,0.73295707
ZSCAN1,0.594862,0.5897849,0.8541174,1.0,0.40889972
ZNF197,0.37033984,0.5595456,0.66311204,1.0,0.4306075
CEBPZ,0.69572055,0.7619151,1.0,0.8494112,0.74906135
HMGXB4,0.46141756,0.43872052,0.9483247,0.49329603,1.0
ZNF823,0.71371645,1.0,0.80495113,0.61057955,0.7616509
ZNF573,0.5146094,0.6521901,1.0,0.7717441,0.66208565
ZNF138,0.4442254,0.65153486,1.0,0.84248716,0.6103586
FEZF2,0.0075349533,0.021536993,1.0,0.009339522,0.028412823
CARHSP1,0.32218662,1.0,0.61297977,0.22591865,0.25189844
ZNF239,0.6999072,0.8150305,1.0,0.37485868,0.8335783
E2F5,0.80987716,0.702293,1.0,0.5640048,0.6402029
ZNF442,0.6331369,0.90880924,0.76745427,0.97407705,1.0
GABPA,0.4907485,0.63543165,1.0,0.5954734,0.73000294
SMAD4,0.6200667,0.6817536,1.0,0.56669104,0.58180946
ZSCAN12,0.599507,0.80847996,1.0,0.88332367,0.75261736
TGIF2,1.0,0.8159269,0.98003286,0.27866614,0.10652741
ZNF584,1.0,0.8483935,0.9368966,0.843118,0.5896043
ZNF625,0.8413388,0.91081536,0.9516155,1.0,0.62690324
ZNF483,1.0,0.7007899,0.62573266,0.60438085,0.80852383
GSX2,,,,,
ZNF594,0.49066228,0.71924675,1.0,0.80568635,0.57422197
ZNF582,0.44056574,1.0,0.8505211,0.7281041,0.60533804
DMRTC2,0.0,0.0,0.0,0.0,1.0
ZNF320,0.558406,0.70415276,1.0,0.84736294,0.7263938
PKNOX1,0.62877285,0.710636,1.0,0.41383153,0.38009128
ADNP2,0.52334243,0.7287515,1.0,0.6154137,0.84755915
MATR3,0.4336429,0.57820725,1.0,0.38788468,0.4565585
ZNF273,0.65304524,0.64806145,1.0,0.8758376,0.6783416
NKX2-1,0.0,0.5765015,0.52258503,1.0,0.06337946
ZNF17,0.23157425,0.33095178,1.0,0.78934526,0.4366104
PRDM14,0.38595706,0.27579314,1.0,0.23919553,0.60640335
TBX4,0.16541018,0.0,1.0,0.0,0.31186458
ZNF131,0.5661052,0.6927626,1.0,0.9177351,0.7168671
NR1I2,0.80678153,0.5765015,0.0,1.0,0.5070357
AFF2,0.109150246,0.14863646,0.655687,0.3540668,1.0
MYF5,,,,,
TOX,0.21936211,0.48528782,0.18879355,1.0,0.40121412
CREB1,0.5114272,0.47317383,1.0,0.96851766,0.42931184
DMTF1,0.8003387,0.88118166,1.0,0.838382,0.75364965
FUBP1,0.76670295,0.6699234,1.0,0.8810731,0.7056549
DBX1,0.24824046,0.5321552,0.0,1.0,0.078005485
ZNF518A,0.7114134,0.8833552,0.69415295,1.0,0.7745535
SETBP1,0.65968853,0.83974427,1.0,0.44624156,0.19618471
NCOR1,0.6352067,0.62797797,0.82822585,1.0,0.7905936
TFCP2,0.65005535,0.7451573,1.0,0.8917862,0.63135326
SREBF2,0.6613554,0.69356287,1.0,0.44014898,0.56309336
ZNF333,0.43276083,0.80811834,0.80532974,0.7186628,1.0
RUNX2,1.0,0.70912176,0.7912255,0.6575455,0.70153546
DDB2,0.8424731,0.32369143,1.0,0.16922976,0.21351607
ETV3,0.65114844,1.0,0.8299447,0.44097266,0.58908653
ZNF799,0.80678153,0.7206269,0.69678,1.0,0.5070357
TSC22D2,0.38943237,1.0,0.561896,0.4156658,0.38934264
FOSL1,0.84208816,0.30086526,1.0,0.3914109,0.49614817
NR4A1,0.22307609,0.6932782,1.0,0.46083543,0.23477267
HOXD8,0.0,0.0,1.0,0.0,0.727684
ALX4,0.16749191,0.41889614,0.57862014,0.41521007,1.0
ZNF460,0.53466403,0.85901463,1.0,0.5825115,0.66133636
JUNB,0.653637,0.81270015,1.0,0.28124768,0.33919463
MSX2,1.0,0.62904924,0.0620177,0.023075666,0.24236101
GATA6,1.0,0.8932119,0.75569713,0.61974645,0.47135034
SIX4,0.76317173,0.98161066,0.96042657,1.0,0.92499757
ZNF550,0.5230992,0.94077665,1.0,0.8742172,0.943773
TBX15,1.0,0.42224562,0.41219845,0.11268117,0.7070255
RELB,0.86840343,0.8273795,1.0,0.39467263,0.5275709
CSRNP1,0.4192292,0.6276672,1.0,0.17939664,0.10977991
MYC,0.36141643,0.91824776,1.0,0.38575464,0.5888772
ZNF266,0.72520596,0.8344061,1.0,0.73129845,0.88527167
ZNF410,0.66711015,0.8033374,1.0,0.7405954,0.6934143
IRF1,0.43420172,0.594679,1.0,0.10091062,0.08527547
BNC1,0.24824047,0.91648954,0.5002523,1.0,0.23401645
EGR1,0.2863706,0.55839604,1.0,0.20966522,0.14254221
ZBTB22,,,,,
KLF13,0.24048094,0.61735237,1.0,0.15455711,0.18471977
KLF10,1.0,0.9340778,0.9313914,0.27544287,0.43130097
MSC,0.0,1.0,0.0,0.0,0.21987614
PAWR,1.0,0.51502216,0.8533176,0.27278736,0.24277887
STAT3,0.57259697,1.0,0.85865384,0.6677993,0.9213537
ZNF296,0.691527,0.7823949,0.84609,1.0,0.92352927
ZNF876P,0.79716825,0.38879654,0.9343623,0.7175375,1.0
ZNF544,0.32229403,0.4520733,1.0,0.88773596,0.5626423
PRRX2,0.15549378,1.0,0.40287843,0.09636672,0.537475
SP7,0.0,0.41368973,1.0,0.17939664,0.6367235
FOS,0.5236979,0.5984987,1.0,0.13112982,0.101110645
RBPJL,0.0,0.9475032,0.0,0.6574159,1.0
GSC,0.1749305,1.0,0.1510794,0.0,0.10993807
BCLAF1,0.7959015,0.7931838,1.0,0.6856988,0.57549894
SIX2,0.18719684,0.13376515,0.0,0.23202914,1.0
STAT2,0.6599752,0.8059161,0.7769044,0.651346,1.0
FOXA3,1.0,0.23818983,0.28788462,0.41316432,0.52372265
L3MBTL4,0.039369386,0.50952804,1.0,0.07447169,0.046253446
MAFF,0.8091572,1.0,0.36660025,0.20963186,0.2584326
KLF9,1.0,0.5084437,0.96330637,0.19069122,0.17524564
ATXN7,0.7355107,0.9080048,1.0,0.8062099,0.6609449
OSR2,0.93296266,1.0,0.2014392,0.28910014,0.29316816
GMEB2,0.496587,0.76496935,1.0,0.55365515,0.7637545
GATA4,0.5597776,1.0,0.56402975,0.6938404,0.7915541
GLI4,0.6456009,0.9226535,1.0,0.5827673,0.86881065
MYOG,1.0,0.35728475,0.0,0.61974645,0.0
TWIST2,1.0,0.057274655,0.016481943,0.011827223,0.02758539
NFATC1,0.6916171,1.0,0.13532981,0.08036761,0.12054984
NFATC2,0.7827398,1.0,0.8194137,0.08820005,0.19627361
NFATC4,1.0,0.8782114,0.5735717,0.12063767,0.13073075
TEAD3,1.0,0.4139575,0.50032365,0.23507625,0.18420589
MKX,0.6458972,1.0,0.27891582,0.3669348,0.5919742
FOXI2,,,,,
RARG,0.29988086,1.0,0.7769798,0.02065001,0.19893555
FOSB,0.633369,1.0,0.6746477,0.08037483,0.05496903
ID2,0.09163167,0.8317943,0.37486944,0.06368414,1.0
TWIST1,0.7894577,0.714555,1.0,0.32617575,0.24807408
PAX1,0.0,0.0,1.0,0.0,0.0
TCFL5,0.7406203,0.646002,1.0,0.55812293,0.5058824
NFIL3,0.7138096,0.7257837,1.0,0.56368876,0.7435964
ZFP42,1.0,0.35728475,0.0,0.30987322,0.0
AEBP1,0.84298855,1.0,0.92171884,0.16985707,0.13962461
ZNF251,0.5557782,0.69499874,1.0,0.6314762,0.7567914
CREB3L1,0.8016032,0.668268,1.0,0.3863928,0.363842
MEOX2,0.3117346,0.38186747,1.0,0.44159174,0.44780555
ATF4,0.62580377,1.0,0.7214372,0.5376712,0.8658824
NFIC,0.2326273,0.40017942,1.0,0.08751056,0.09566082
ZBTB10,0.78024936,1.0,0.8617276,0.4946913,0.54883343
FOXC2,0.3229486,1.0,0.37188777,0.06671542,0.06765419
JUND,0.7246238,0.8942063,1.0,0.3777187,0.43201238
FOXD2,0.93296266,1.0,0.8057568,0.28910014,0.29316816
SIX1,0.07238503,1.0,0.1667083,0.029906912,0.060655482
FOXP1,0.19110055,0.12073842,0.09432868,0.52019674,1.0
JUN,1.0,0.6333979,0.6142082,0.26612982,0.4075054
NFAT5,0.43893358,0.5618583,0.64910483,1.0,0.81298244
ZNF541,0.26084808,0.14911525,0.3153954,0.32331935,1.0
MZF1,0.6986669,0.85556275,1.0,0.84678715,0.77283233
ZSCAN20,0.48505417,0.6317154,1.0,0.5187957,0.48922
HOXA1,0.025444435,1.0,0.0,0.0157691,0.14391892
HLF,1.0,0.13701698,0.15721855,0.022563586,0.26923412
ALX3,0.59761095,0.77400017,1.0,0.7407345,0.727684
ZNF184,0.42687783,0.5442762,1.0,0.2766599,0.2840598
KAT8,0.58405894,0.90792084,1.0,0.6159814,0.97775835
ZNF135,0.48277572,0.43327448,0.95799494,1.0,0.7174351
ZNF575,0.43519264,0.6608227,0.9396395,0.48884773,1.0
PCGF6,0.500461,0.48351973,1.0,0.4560621,0.52575636
CIZ1,0.6129906,0.9044392,1.0,0.7123102,0.7107403
ZNF304,0.44982046,0.9523792,1.0,0.7227491,0.7774178
ZNF622,0.55046624,1.0,0.8656761,0.5974359,0.86831707
TPRXL,0.93802226,0.9216379,1.0,0.6449196,0.6632056
RCOR3,0.5367063,0.5822439,0.8916106,1.0,0.5800877
ZNF385C,1.0,0.19488259,0.15702799,0.5446257,0.333278
AEBP2,0.38050774,0.49360776,0.62644523,1.0,0.77024233
ZNF177,0.34381828,0.45974168,0.87024,1.0,0.61293554
ZNF702P,0.67262423,0.5121539,0.44758987,1.0,0.5821093
CLOCK,0.6696207,0.5118087,0.6388302,0.48988485,1.0
KLF5,0.9061148,1.0,0.98255956,0.8610609,0.46822545
PREB,0.36696532,1.0,0.6607206,0.22742547,0.41043547
ZNF773,0.59305596,0.6053996,1.0,0.5775697,0.7010614
ZNF547,0.0,1.0,0.0,0.0,0.43975228
MTA1,0.5692463,0.7468917,1.0,0.58998233,0.4490937
SMARCA1,0.76089865,0.6688698,1.0,0.50894123,0.52233326
ZNF101,0.5108256,0.64243585,1.0,0.58673257,0.7127023
NFYA,0.55654585,0.65824664,1.0,0.7175866,0.71602494
RHOXF1,0.24613672,0.5276454,0.5432522,1.0,0.25781474
NKX3-2,0.0,0.82737947,1.0,0.0,0.12128066
ZNF572,0.5263051,0.46634117,1.0,0.5088341,0.31753483
ZNF568,0.5067456,0.63216645,1.0,0.77197576,0.6996619
NR2C1,0.7453061,0.8333837,1.0,0.7868457,0.7363972
GON4L,0.6008735,0.8757363,1.0,0.7410914,0.71506524
DMAP1,0.49847338,0.7825047,1.0,0.5765018,0.7979857
FOXD1,0.80678153,0.46120116,0.55742395,1.0,0.050703563
ZNF569,0.37025893,0.62198514,1.0,0.7155737,0.7776931
ZNF846,1.0,0.6314277,0.94241476,0.6782131,0.65909994
ZNF33A,0.42569873,0.5697054,1.0,0.64596397,0.6350572
ZNF471,0.4877221,0.8035444,0.86343735,0.7611832,1.0
ZNF214,0.4764884,0.6268003,0.8074542,1.0,0.71234536
ZNF44,0.6851681,0.7995307,1.0,0.9739232,0.974986
ZBTB17,0.50079703,0.8908288,1.0,0.6823676,0.8281312
ZNF334,0.54674447,0.67179096,0.781718,1.0,0.5924146
ZNF335,0.50897384,0.8894377,0.91179633,0.79951775,1.0
ZNF785,0.42239934,0.6214223,1.0,0.80997974,0.91663194
ZMAT5,0.4785868,0.8687485,1.0,0.5047026,0.37111884
ZNF420,0.44011724,0.5624828,1.0,0.75180393,0.7534602
ZNF98,0.06964639,0.16174336,1.0,0.4100495,0.26809412
ZNF225,0.59232056,0.7808311,0.9702,1.0,0.8600352
ZNF10,0.967773,0.8279408,1.0,0.7652959,0.67362607
ZC3H11A,0.5047029,0.6063847,1.0,0.65024346,0.5386963
FOXC1,0.34393114,1.0,0.6965017,0.1764001,0.14906856
AHRR,0.46033937,0.57207733,0.674147,0.44654667,1.0
GMEB1,0.46375078,0.6294109,1.0,0.6009438,0.80575156
ZNF275,0.604921,1.0,0.7485741,0.4700209,0.63835007
ZSCAN21,0.63192296,0.90871507,1.0,0.66650414,0.7239839
MIER2,0.53082925,0.72069734,1.0,0.48524484,0.51709354
PGR,1.0,0.7860264,0.6045577,0.37184787,0.37708026
ZNF701,0.6358084,0.787782,1.0,0.587445,0.5058962
THAP3,0.4321632,0.68171406,1.0,0.4699687,0.75843126
OSR1,0.16793327,1.0,0.14503624,0.034692015,0.105540544
ZBED5,0.32081145,0.5652003,1.0,0.83070934,0.3487785
SNAI1,0.69972205,1.0,0.73381424,0.34072518,0.23558158
SMAD5,0.59405375,0.7149016,1.0,0.7258537,0.67039704
NFE2L1,0.53499854,0.94557655,1.0,0.50935835,0.5985526
HIF3A,1.0,0.36223328,0.83733755,0.37768483,0.29334268
ZNF616,0.5203916,0.6507479,1.0,0.57514435,0.47013295
FOXI3,0.7955866,0.85275286,0.0,0.0,1.0
ZIC2,1.0,0.90545017,0.03523302,0.10119482,0.2565793
ZNF394,0.6549295,0.6931031,1.0,0.9984559,0.8796466
FOXH1,0.31098756,1.0,0.26858562,0.19273344,0.9772273
SMARCE1,0.5183864,0.7954988,1.0,0.75972015,0.7325797
TP63,0.84208816,0.7521632,1.0,0.19570544,0.5623013
TEAD2,0.66093075,0.80252254,1.0,0.33415514,0.12258195
HESX1,1.0,0.733374,0.6250127,0.3180278,0.2770217
MNT,0.4631485,0.81083184,1.0,0.40758917,0.61270994
IRF3,0.7301447,1.0,0.7415298,0.4902133,0.45887193
ZNF496,0.41185194,0.6555594,1.0,0.5303568,0.39251536
ZNF189,0.49753305,1.0,0.9910444,0.4776057,0.48099986
PPP1R13L,1.0,0.74008983,0.92534345,0.28773943,0.39279193
TBX20,0.46314847,0.30731237,1.0,0.18452227,0.0727684
ZNF880,0.52175677,0.70735836,1.0,0.77960026,0.7310529
ZBTB26,0.43442082,0.96197283,0.9812641,1.0,0.44403124
ZNF561,0.8190864,1.0,0.98112744,0.7933248,0.82518226
CSRNP2,0.35710046,0.7388851,1.0,0.58643895,0.7972031
ZNF692,0.59823346,0.7687734,1.0,0.96575195,0.85199666
ZNF440,0.47049692,0.7284393,0.8595791,1.0,0.839689
ZBTB47,0.23838526,0.7665428,1.0,0.6437174,0.61532104
KLF11,1.0,0.7670685,0.9694074,0.42243943,0.69259644
ZNF557,0.49754676,0.79226524,1.0,0.66238767,0.835775
ZNF473,0.93757504,0.8374532,0.6851649,0.5642975,1.0
ZNF556,0.2547731,0.66752803,0.88014317,1.0,0.8272687
ATF7,0.49841848,0.56034166,1.0,0.37045476,0.29935148
NR1H2,0.81972706,1.0,0.90249014,0.92451024,0.8504971
GRHL3,0.46101803,0.8235735,0.19908,1.0,0.5794693
USF1,0.5898891,1.0,0.99973536,0.9743746,0.9849831
DNAJC2,0.65693957,0.78905874,1.0,0.8308898,0.74491864
KDM5D,1.0,0.55197287,0.22754954,0.44161576,0.46100134
ZBTB43,0.5249513,0.90985143,1.0,0.6829763,0.741138
ASH2L,0.66800267,0.7061518,1.0,0.84244144,0.7949881
MXD4,0.6265962,0.9786317,1.0,0.5568681,0.5695493
ARNT,0.5623946,0.72381634,1.0,0.924564,0.6799143
ZBTB32,0.6368292,0.8273795,1.0,0.86110395,0.78226036
ZNF436,0.5652478,1.0,0.74014145,0.39268655,0.6775337
BMP2,0.67015624,1.0,0.25534546,0.34203398,0.7556306
ZNF646,0.42511216,0.6515114,1.0,0.42985865,0.41657275
ZNF783,0.8211853,0.8567192,1.0,0.48856962,0.97024536
MTA3,1.0,0.924737,0.9589098,0.54122657,0.54528767
NR2E3,0.21052204,0.9778121,1.0,0.7175866,0.69460744
ZHX1,0.40627062,0.3483703,1.0,0.44062337,0.6893848
LRRFIP2,0.60246974,1.0,0.8351779,0.83852667,0.93924326
POU1F1,1.0,0.47637966,0.28788462,0.20658216,0.9427007
NR3C1,1.0,0.395485,0.29548913,0.0732782,0.17668228
HOXA11,,,,,
SOHLH1,0.5789356,0.0,1.0,0.0,0.0
PRDM5,1.0,0.6508609,0.842843,0.23445833,0.4323551
PAX9,1.0,0.47637966,0.57576925,0.10329108,0.4189781
NKX2-6,0.0,0.0,0.0,0.0,1.0
ZNF391,0.9126809,1.0,0.89333916,0.8547309,0.9304904
BOLA3,0.37906498,0.8914029,1.0,0.4484916,0.4580511
SNAI2,0.5727105,0.63165534,1.0,0.2700595,0.19952627
FOXS1,0.9223608,1.0,0.93394536,0.19711375,0.33980858
RELA,0.50223947,1.0,0.9306913,0.47444662,0.5194286
MEF2D,0.5690346,1.0,0.9194093,0.44546175,0.556107
TBX1,0.4773519,0.5685019,0.8932448,0.6902867,1.0
TBX2,0.2469607,1.0,0.8531543,0.1275442,0.21987614
RFXANK,0.59523857,1.0,0.83674747,0.31395492,0.39000654
RFX6,0.0,0.0,0.2498587,0.0,1.0
ZBTB46,0.52040315,1.0,0.6664437,0.48335043,0.4079551
KDM5A,0.43436602,0.6254216,0.8304078,1.0,0.566811
BATF2,0.0,1.0,0.0,0.0,0.0
MEIS3P2,1.0,0.23818983,0.0,0.0,0.0
ZNF362,0.42931205,0.6030646,1.0,0.7478901,0.59339434
MESP2,0.2798888,1.0,0.33841786,0.06938403,0.5628829
YY1,0.58640134,0.87232107,1.0,0.64327615,0.8839413
HEYL,0.3117346,0.98649096,1.0,0.16559692,0.2518906
ZNF385A,0.31617114,0.9426579,0.41430163,1.0,0.6509242
RFX8,0.3280635,0.39990008,1.0,0.17939664,0.5578911
ZNF703,0.056816015,0.3107923,1.0,0.088635914,0.08187985
ZNF768,0.6179649,0.864565,1.0,0.59261364,0.74199235
GABPB2,0.48409295,0.5407617,1.0,0.54982316,0.5588017
ZNF672,0.60650396,0.82737947,1.0,0.48180816,0.47992492
FOXL1,0.699722,1.0,0.9064765,0.5420628,0.21987614
ZNF641,0.34744456,0.8590695,0.7568184,0.8155769,1.0
SSRP1,0.4742172,0.5753661,1.0,0.36249223,0.47807544
HIC1,0.37166235,0.6741611,1.0,0.23919553,0.435712
NR6A1,0.22000459,0.51295954,0.36426634,1.0,0.32680973
CDX1,0.0,0.0,0.0,0.0,1.0
HES4,0.18335876,0.77388406,0.4804227,0.68978494,1.0
HMBOX1,0.5986943,0.46964562,1.0,0.6692295,0.45161012
NR1H3,0.74201614,0.67588747,1.0,0.93488395,0.59188384
UTF1,0.0,1.0,0.0,0.86730045,0.0
AIRE,0.0,1.0,0.3021588,0.0,0.3298142
ZBTB7A,0.52470624,0.72683716,1.0,0.43963537,0.3320634
ZNF428,0.3155774,1.0,0.9340114,0.41690552,0.7005698
TAX1BP3,0.32006195,0.8811928,1.0,0.37921244,0.66556466
ZNF526,0.6292778,0.6655009,1.0,0.6551877,0.6446331
MLX,0.52527815,0.8475595,1.0,0.5845706,0.8980686
PCBP2,0.71508753,0.76623255,1.0,0.53484976,0.51183844
TSC22D3,1.0,0.75647974,0.44575685,0.46889913,0.44600892
NANOGP1,0.31823462,0.4548015,0.27484456,0.0,1.0
TLX2,0.0,1.0,0.0,0.0,0.21987614
ID3,0.2905388,1.0,0.39776847,0.25995854,0.13034046
HEY1,0.2044913,1.0,0.33279517,0.109490216,0.13594726
NFKBIA,0.55551046,0.75085884,1.0,0.49498266,0.5657428
SOX7,0.36385542,1.0,0.8702174,0.06938403,0.29903156
BHLHE40,0.40934843,0.5181569,1.0,0.18120874,0.1947841
ZNF727,0.0,0.0,1.0,0.3587933,0.181921
SMAD7,0.6704018,1.0,0.6707036,0.32707936,0.21962714
KCMF1,0.55623657,0.7243901,1.0,0.6476581,0.5639759
ZNF366,0.35483152,0.9741726,1.0,0.046295907,0.15844733
TEAD4,0.39611384,0.5878749,1.0,0.26437402,0.6606605
BCL6B,0.7236695,0.41368973,1.0,0.0,0.04548025
TCF15,0.30470297,0.5661018,1.0,0.07553543,0.1723462
ZBTB38,0.28660482,0.5857991,0.9109453,0.8641086,1.0
MLLT6,0.6315661,0.6017305,1.0,0.6523515,0.5292247
SKIL,0.66342896,0.8641901,1.0,0.60420495,0.7273814
DNAJC1,0.5619139,0.3253539,1.0,0.28625265,0.5894001
TBX3,0.3396709,1.0,0.14081188,0.06736314,0.025616636
GLIS2,0.5378543,0.9608358,0.46452,1.0,0.5915416
FOXL2,0.9996029,1.0,0.6043176,0.12390007,0.18846527
ZNF676,0.0,1.0,0.0,0.43365023,0.0
ETS2,0.23328623,0.66679686,0.24345325,1.0,0.40522128
ELK3,1.0,0.2919573,0.3109544,0.1874628,0.12697022
HOPX,0.29652798,0.83746946,1.0,0.04375528,0.12756655
HES1,0.2974156,0.58137757,1.0,0.2970933,0.21294221
ZNF407,0.7455664,0.5803114,1.0,0.7065296,0.5459404
SMAD1,0.55609024,0.86560297,1.0,0.74072343,0.5555682
BARX1,0.0,0.0,0.0,1.0,0.0
SMAD3,0.65027165,1.0,0.5167663,0.58688354,0.35894972
TCF4,0.62001157,1.0,0.86083484,0.08787312,0.19895408
ELK1,0.8152359,0.8906994,1.0,0.5967685,0.99870926
TEAD1,1.0,0.7898629,0.86494714,0.18983981,0.7146805
HIVEP1,0.32815245,1.0,0.7938972,0.7104856,0.5751046
FOXO1,0.5322915,0.67053026,1.0,0.61556005,0.30693778
PSPC1,0.49356008,0.5350433,1.0,0.7904855,0.45315987
RAX2,0.0,0.0,1.0,0.0,0.0
MIXL1,1.0,0.4287417,0.17273077,0.37184787,0.50277364
PPARD,0.81147873,0.75987357,1.0,0.20266567,0.4772572
ZNF485,0.86594456,0.8817581,0.9909362,0.6439993,1.0
ZNF764,0.43829024,0.79933274,1.0,0.58785343,0.6639603
ZNF324,0.5695474,0.948775,0.60564184,0.8030181,1.0
ZNF671,0.4915491,0.65175647,1.0,0.9003681,0.9490784
NR1D1,0.45613107,0.5766584,1.0,0.17396039,0.46307164
MAFK,0.22320409,0.6479478,1.0,0.639776,0.22356556
ZBTB42,0.0,1.0,0.826961,0.04564739,0.11572429
ZXDB,0.5087616,0.76469916,1.0,0.53818995,0.5567885
ZSCAN22,0.35985702,1.0,0.8633109,0.49560028,0.85437584
ZNF502,0.52600765,0.92839646,0.990349,0.9160358,1.0
ZNF470,0.41257483,0.6561975,1.0,0.48663923,0.6942273
ZNF778,0.5339073,0.956083,1.0,0.625895,0.915669
ZNF687,0.8568247,0.86047465,1.0,0.4449037,0.49846354
ZNF347,0.40830198,0.5704564,1.0,0.6269441,0.62619126
ZNF696,0.7406971,0.8334632,1.0,0.5592955,0.7731642
FOXF1,0.24560906,0.3760816,1.0,0.086980194,0.05512758
ZNF749,0.52859336,0.6834874,1.0,0.7747856,0.76459557
NPAS1,0.4787352,0.5568901,1.0,0.73138636,0.65421593
ZBED2,,,,,
ZNF207,0.64457786,0.8230175,0.9644105,1.0,0.7563694
ZNF792,0.40113607,0.6688258,0.99313587,0.71266097,1.0
ZIC3,1.0,0.9833838,0.119266495,0.4456272,0.42047444
SP6,0.55977756,1.0,0.72518116,0.17346008,0.3518018
ZNF576,0.2894678,0.6205346,1.0,0.17939664,0.4548025
PURB,0.9178761,0.866492,1.0,0.74237597,0.6155545
ZNF383,0.49525467,0.80297303,1.0,0.74087113,0.727684
HOXC13,0.0,1.0,0.0,0.0,0.43975228
POU5F1,0.0,0.0,0.0,1.0,0.5070357
BHLHA15,0.0,0.0,0.0,1.0,0.5070357
HNF4A,0.41983318,1.0,0.72518116,0.52038026,0.21987614
FOXN3,0.6851501,0.30303645,1.0,0.5605058,0.46689498
OVOL2,0.760393,0.43530038,1.0,0.4632182,0.727684
ETV6,1.0,0.38404974,0.15067986,0.23363763,0.14968142
HOXC10,0.0,0.82737947,1.0,0.7175866,0.727684
ETV5,1.0,0.09227694,0.16171728,0.027010743,0.06441915
MEF2C,0.08517201,0.06029366,0.16000706,0.12821738,1.0
ZNF716,0.699722,1.0,0.0,0.0,0.21987614
ZNF710,0.38282555,0.5387197,1.0,0.5734871,0.56163037
ZNF143,0.61458564,0.74987996,1.0,0.8327241,0.6229177
NR4A3,0.81236017,1.0,0.61905706,0.5098034,0.4386797
IRF6,0.2893042,0.8269118,0.2498587,0.0,1.0
STAT1,0.5066422,0.630322,0.7755032,0.49032858,1.0
RLF,0.596313,0.7999569,0.83110714,1.0,0.96952665
NFE2L3,1.0,0.60043687,0.42782858,0.80624425,0.7608526
OVOL1,0.0,1.0,0.0,0.0,0.0
EGR3,0.39310226,1.0,0.5160465,0.23387878,0.08893866
ZNF597,0.6738063,1.0,0.8505211,0.9476061,0.62705415
E4F1,0.6437116,0.83605826,1.0,0.6096977,0.7264118
MLXIPL,0.5682761,0.32485822,0.883429,0.07043742,1.0
ZNFX1,0.65207064,1.0,0.7581045,0.7087617,0.719523
KLF17,0.80678153,0.5765015,0.0,1.0,0.5070357
NANOG,0.0,0.0,1.0,0.7175866,0.363842
SKI,0.76701045,1.0,0.6503385,0.3745928,0.46248543
ARID4A,0.43738678,0.5964275,0.6631824,1.0,0.54289705
ZBTB24,0.5483202,1.0,0.99659395,0.2180931,0.46546876
CEBPB,0.76636213,1.0,0.71942574,0.26845014,0.25652218
CEBPG,0.59734696,0.74990404,1.0,0.34991857,0.46476638
IRF8,0.8751452,0.8527528,0.8932448,0.19722478,1.0
ZNF200,0.51986057,0.92869127,1.0,0.5638181,0.69798267
ZNF467,0.12729385,0.5457618,0.37867475,0.27173194,1.0
GZF1,0.5062321,0.98515886,1.0,0.4639281,0.46199477
FOXN1,1.0,0.32980132,0.19930476,0.09534561,0.12085907
ZNF691,0.64542526,0.97131765,0.8107986,1.0,0.69755816
SPIB,1.0,0.0,0.43182695,0.0,0.47135034
ZNF263,0.8827262,1.0,0.98550266,0.79391354,0.6833074
AP5Z1,0.7122552,0.957881,1.0,0.5206464,0.66800016
TOE1,0.7317746,0.7082368,1.0,0.49944028,0.5675935
CTCFL,0.0,0.0,0.0,0.7888991,1.0
ZNF277,0.65070003,0.8951159,1.0,0.5904656,0.44765022
ZNF816,0.8400242,0.71381754,1.0,0.47839105,0.32817122
SP2,0.5700289,0.7732816,1.0,0.6513479,0.6843028
HAND1,0.0,0.0,0.0,1.0,0.0
ZNF563,0.5959631,0.5961999,1.0,0.79145586,0.5618149
HHEX,0.39503843,0.6521697,1.0,0.03376878,0.107012354
ZNF771,0.64589727,1.0,0.8677382,0.63750297,0.77802324
ZNF267,0.60339767,0.82349503,1.0,0.43459472,0.5141617
NFKBIE,0.26869324,1.0,0.59948313,0.41630423,0.46789646
NFX1,0.6348614,0.74375343,1.0,0.8613606,0.92262256
CEBPD,0.75042653,1.0,0.70649695,0.18854359,0.24855565
MBD4,0.63508654,0.64198005,1.0,0.61678845,0.6607565
LYL1,0.27211413,1.0,0.58753103,0.301146,0.14047642
ZNF600,1.0,0.35728475,0.30844784,0.29511738,0.1870438
NCOA5,0.5584955,0.9124372,1.0,0.9809998,0.5663543
PCBP1,0.46208623,0.7770915,1.0,0.3900643,0.47003213
E2F4,0.5846992,1.0,0.96856385,0.6831476,0.84637254
ESRRA,0.62028813,0.9587095,1.0,0.6150742,0.6251729
CEBPA,0.9055226,1.0,0.99534667,0.38263255,0.32334727
ZNF124,0.34713447,0.390722,1.0,0.8286696,0.3391264
DNMT3A,0.668869,1.0,0.58672106,0.7049522,0.7247498
BATF3,0.7232605,0.6718659,0.4372527,0.17929526,1.0
TAL1,0.008745599,0.0979063,0.057907645,1.0,0.0073284283
IRF7,0.44735932,0.7897713,1.0,0.2446318,0.62018526
IRF5,0.29988086,1.0,0.51798654,0.18585011,0.251287
CREBL2,0.4298362,0.64884984,1.0,0.8574411,0.7622954
ZNF780A,0.76304156,0.7798289,1.0,0.7643259,0.45724204
ZFP36L1,1.0,0.28100508,0.26541084,0.14653623,0.082994424
ZNF813,0.7059338,0.7206268,0.75037843,1.0,0.6240439
ZFX,0.48742113,0.59580696,1.0,0.45331955,0.47124237
ASH1L,0.4127501,0.48064852,0.73823506,1.0,0.7427599
KLF16,0.87285674,0.91648185,1.0,0.25391525,0.3414517
SALL1,0.03785348,0.25298718,1.0,0.104878046,0.095158674
CREBRF,0.4976711,0.72607636,1.0,0.9285983,0.90699553
SP100,1.0,0.20007947,0.41455388,0.033053145,0.16340145
MEF2A,0.876322,0.75623626,1.0,0.6384351,0.56974363
ZNF689,0.6391449,0.94652206,1.0,0.71184593,0.43078893
ZNF321P,0.926297,0.44417214,1.0,0.17373149,0.1455368
TBX6,0.6947228,0.57916564,1.0,0.86110395,0.47299463
SPI1,0.7930183,1.0,0.56402975,0.043365024,0.41776466
MBD6,0.5950812,0.6691555,1.0,0.80621284,0.6276637
ZNF592,0.46928874,0.63516,1.0,0.6586938,0.81451
ZFP36L2,0.58035105,0.79096663,1.0,0.4017783,0.19570962
ZNF524,0.35478863,1.0,0.8681747,0.464189,0.5450451
TFEC,0.33082035,0.47278827,1.0,0.076884285,0.909605
NKX3-1,0.0,1.0,0.45323825,0.10841256,0.054969035
ARID3B,0.32006195,0.6482821,1.0,0.7832196,0.7199191
USF2,0.5973944,0.82378215,1.0,0.50231063,0.76986855
ZNF761,0.11525451,0.24707207,0.89586,1.0,0.5070357
TONSL,1.0,0.6288212,0.8175924,0.19831887,0.33937225
GCM1,0.5789356,0.6205346,1.0,0.0,0.4548025
HMGA1,0.5862639,0.46938786,1.0,0.33938792,0.27759176
ZNF18,0.5789356,0.7349076,1.0,0.51497394,0.4858361
E2F8,0.3180965,0.14547332,1.0,0.031542268,0.06996962
MIS18BP1,0.814481,0.22720014,1.0,0.07029485,0.10374513
PLAGL2,0.6200922,0.7881671,1.0,0.8910317,0.48454785
ZNF230,0.55430007,0.70415276,1.0,0.5649086,0.7199427
ZNF256,0.437418,0.7078691,1.0,0.60596204,0.8368366
ELF4,0.27244028,0.14600815,1.0,0.0,0.34243953
DLX4,1.0,0.0,0.0,0.0,0.0
CEBPE,0.0,0.7686686,0.0,1.0,0.16901188
TTF2,0.71544886,0.52405447,1.0,0.21367037,0.27303806
HSF4,0.20099029,0.5505492,0.30377558,0.14532353,1.0
HIF1A,1.0,0.6593018,0.8176512,0.5375583,0.71060807
HMGXB3,0.52582884,1.0,0.8665687,0.68635964,0.75694287
TFCP2L1,0.46648136,1.0,0.24172705,0.5203803,0.87950456
ZFYVE26,0.74155796,0.88501716,1.0,0.683723,0.8184401
ZNF148,0.5697716,0.5639326,1.0,0.72067475,0.54293734
STAT5A,0.44782206,1.0,0.72518116,0.06938403,0.26385134
ARID5A,0.66544324,0.7798289,1.0,0.23094742,0.28020018
ASCL2,0.47497705,0.27152327,0.16408631,0.11774613,1.0
ELF5,0.3227126,0.0,0.0,1.0,0.4056285
PPARG,0.7059023,0.86825746,0.6096552,0.6311193,1.0
NR0B2,1.0,0.7145695,0.0,0.0,0.0
NRL,0.5512962,1.0,0.9522581,0.7358913,0.70626885
TCF21,1.0,0.0,0.0,0.0,0.0
BOLA1,0.5622356,0.7876016,1.0,0.54853976,0.64197123
ZC3H12A,0.7368272,0.30086526,1.0,0.5871163,0.16538273
AFF4,0.91810983,1.0,0.8090231,0.7711781,0.5515078
KLF6,0.87312293,0.78016484,1.0,0.53136504,0.5986585
ZNF746,0.5252962,0.9595488,1.0,0.6671492,0.70908505
KLF3,0.515358,0.750358,1.0,0.24319662,0.24344338
NFKB1,0.4992719,0.84357375,1.0,0.5694727,0.72789985
FOXO3,0.5427457,0.39172325,1.0,0.43570033,0.6153201
TFE3,0.8067383,1.0,0.87448317,0.98974293,0.8407029
MAFA,0.0,0.5685019,0.68711144,0.49306196,1.0
ZNF331,0.5655897,0.6594622,0.91073495,0.7306282,1.0
RCOR1,0.5258166,0.44972724,1.0,0.44256976,0.6213172
DDIT3,1.0,0.8063718,0.5037981,0.33139223,0.4277068
PBX2,0.43420172,0.20684487,1.0,0.6727375,0.6139834
KDM2A,0.68844825,0.61955476,0.8553841,1.0,0.7594592
REL,0.5795656,0.6221102,1.0,0.52784395,0.4426283
ATF6,0.6307881,0.862633,1.0,0.89105535,0.8895146
ZNF564,0.70758796,0.6435173,1.0,0.5581229,0.7883243
ATF3,1.0,0.98284644,0.70607495,0.4784008,0.49726084
HLX,0.5789356,0.27579314,1.0,0.11959776,0.12128066
CREM,0.422939,0.528043,1.0,0.5746527,0.33869845
FOSL2,1.0,0.8557191,0.9063035,0.07651192,0.14741822
TET3,0.30352503,0.59503096,0.58756477,1.0,0.63199234
ZBTB7B,0.7236695,0.67224586,1.0,0.40364248,0.31836176
HSF1,0.7530409,0.8678381,1.0,0.58073634,0.86645985
HOXA9,0.0,1.0,0.0,0.43365023,0.21987614
ELF1,0.77066106,0.5829264,1.0,0.2803558,0.27012512
NFE2L2,0.7786381,0.80431664,1.0,0.2358618,0.22608069
ARID3A,0.8673453,0.9274384,0.9790215,0.9074918,1.0
HES2,1.0,0.2858278,0.0,0.0,0.31423357
BCL3,0.8232024,1.0,0.21328858,0.2040707,0.43975228
LBX2,0.86840343,0.41368973,1.0,0.0,0.4548025
VDR,0.49980146,1.0,0.17266218,0.3097502,0.91091543
MAFG,0.5898483,1.0,0.5873368,0.48597497,0.8148137
RREB1,1.0,0.61005765,0.3613246,0.14755869,0.12184567
FOXR2,,,,,
MTF1,0.5801342,0.8873345,1.0,0.87209797,0.82109267
NCOA4,0.48314136,1.0,0.9464445,0.60114473,0.6811506
ZNF217,0.24044918,0.35617134,1.0,0.23919553,0.24872264
VENTX,0.5789356,0.0,1.0,0.0,0.181921
ZEB2,0.66489214,0.21083118,1.0,0.5575743,0.7459186
NFKBID,1.0,0.6192936,0.7485,0.48202506,0.62148416
FOXK2,0.5533349,0.7060647,1.0,0.5575353,0.5505615
RBPJ,0.6487584,0.6129478,1.0,0.41424567,0.20329136
ZNF787,0.6119026,1.0,0.92482615,0.60746145,0.662299
TRPS1,1.0,0.8198009,0.7642588,0.28715876,0.57092905
AHCTF1,0.7420736,0.45945412,1.0,0.3356763,0.38675353
ZNF580,0.9005665,0.55158633,1.0,0.47839105,0.4042689
PHF20,0.720066,0.7592423,1.0,0.41288224,0.7092679
ZNF182,0.5165887,0.52188545,1.0,0.58510906,0.53176904
PRDM1,0.36757818,0.74858147,1.0,0.38726893,0.450471
STAT6,0.69708574,0.9877898,1.0,0.7395536,0.5977405
XBP1,1.0,0.9988953,0.5174143,0.32662314,0.5492011
JDP2,0.28180602,0.7858342,0.2018297,0.14909002,1.0
AFF1,0.9251806,1.0,0.27402645,0.11202976,0.1931165
ZNF700,0.43420172,0.723957,1.0,0.58303916,0.93234515
NCOA3,0.39389074,0.58616024,1.0,0.6924482,0.658476
TAF1,0.58164936,0.6567325,1.0,0.69684386,0.67054945
NFE2,0.0,0.44126904,1.0,0.09567821,0.36384198
TCF7,0.50106704,0.63384044,1.0,0.83088976,0.6447025
ATF5,0.4190391,0.8116198,1.0,0.5672351,0.5371001
ZNF831,0.115787126,0.099285536,1.0,0.028703464,0.15281364
CREBBP,0.7547146,0.7192253,1.0,0.9333316,0.69104034
MECP2,0.53962517,0.7729019,1.0,0.9073189,0.7782177
ZNF567,0.4293626,0.5935002,1.0,0.57363313,0.54410416
IRF2,0.6626586,0.90629876,1.0,0.9416944,0.22446252
ZBP1,0.7719141,0.27579314,1.0,0.23919553,0.9702453
TTF1,0.6690383,0.7163715,1.0,0.690629,0.7296366
GATAD2A,0.6858659,0.83432573,1.0,0.45451614,0.40083712
ZNF280B,0.18659253,1.0,0.8863325,0.28910017,0.11726727
TBX21,0.5789356,0.68948287,1.0,0.11959776,0.24256133
NFKB2,1.0,0.4879987,0.46342406,0.16627344,0.15328468
GATA1,0.15549378,1.0,0.40287843,0.28910017,0.3908909
MYB,0.8164928,0.28417593,1.0,0.4078684,0.761967
ZBTB2,0.59816223,0.7999019,1.0,0.7414179,0.71157295
GFI1,0.7719141,0.0,1.0,0.23919553,0.8489647
SATB1,0.5154928,0.83964854,0.51976436,1.0,0.42704165
NFATC3,0.52426475,0.565842,1.0,0.43904027,0.3423225
ZNF644,0.72069836,0.53985596,1.0,0.65047836,0.37804812
MEOX1,0.07774689,1.0,0.13429281,0.57820034,0.6840591
IKZF3,0.17153648,0.15321843,1.0,0.10630912,0.22908571
IKZF2,0.74801725,0.44316995,1.0,0.62621164,0.33748895
ZBTB40,0.5281518,0.671857,1.0,0.6780205,0.5229659
SNAI3,0.6338998,0.76180553,0.57235503,1.0,0.8873125
MYBL1,0.25719523,0.1697008,1.0,0.03664272,0.040254857
ZNF174,1.0,0.5771523,0.83043647,0.47672808,0.5317799
SP140,0.3789397,0.43625465,1.0,0.7306336,0.70783806
SP140L,0.15102668,0.32375717,1.0,0.5303901,0.3796612
ZGPAT,0.51415956,0.59015876,1.0,0.49177262,0.6030109
SMARCD2,1.0,0.826859,0.74644375,0.5135042,0.53195256
ZNF525,0.5671206,0.6922971,1.0,0.7102643,0.55690104
IRF4,0.28061965,0.75195843,0.66648525,1.0,0.066135086
NR5A1,0.0,0.5685019,0.0,0.9861239,1.0
GFI1B,0.26720107,0.63644576,1.0,0.55198973,0.4198177
STAT5B,0.5641232,0.7799311,0.96250355,1.0,0.75518805
SP110,1.0,0.5694226,0.6342458,0.28082263,0.39279196
EGR4,0.0,1.0,0.1510794,0.21682511,0.10993807
ZNF574,0.46191671,0.6381385,1.0,0.61452895,0.55543965
AKNA,0.53298837,0.6106849,1.0,0.53913915,0.1049174
BATF,1.0,0.47637966,0.57576925,0.6197465,0.4189781
JARID2,0.602632,0.44234586,0.8088581,0.48567674,1.0
ZNF808,0.6599266,0.78022313,1.0,0.69156015,0.6485059
SOX15,0.51037747,0.8491527,1.0,0.67037696,0.70374703
LYAR,0.72903,0.79673576,1.0,0.5291295,0.85631496
ZMAT2,0.35057378,0.8503345,1.0,0.33931717,0.5257934
MAX,0.65860265,0.5992014,0.94334555,0.8196789,1.0
ZNF419,0.21052204,0.3760816,1.0,0.0,0.33076546
ZNF165,0.61225677,1.0,0.41546836,0.89440364,0.50846356
ZNF786,0.79140973,1.0,0.8946679,0.63801414,0.61059856
MIER1,0.64152855,0.5715578,1.0,0.51964,0.68748856
ZNF384,0.5827866,0.7356523,1.0,0.6905379,0.7083221
RC3H2,0.54180795,0.74467814,1.0,0.9334022,0.65382135
ARNTL,0.080279924,0.07439599,0.17658521,0.056749746,1.0
MBD2,0.53823227,0.62462914,1.0,0.38646814,0.60251236
ZBTB25,0.43161717,0.5614361,1.0,0.41966003,0.5473873
TGIF1,1.0,0.9783065,0.96718335,0.29521045,0.26962626
PARP12,1.0,0.9210007,0.9596154,0.289215,0.3491484
HIVEP2,1.0,0.22771895,0.8697418,0.15564156,0.36805904
RORC,0.89055526,1.0,0.87900746,0.15769099,0.999437
TFAP4,0.84524596,0.83565325,1.0,0.5668934,0.67674613
ELK4,0.98988986,0.9731355,1.0,0.57258207,0.816288
